"analysis_id","gene_accession_id","mouse_strain","mouse_life_stage","parameter_id","p_value"
"0006ejmqkf6t05x","MGI:1921263","C57BL","Early adult","IMPC_CSD_024_001","0.7546106"
"000pd5km9vkhy0m","MGI:2679420","C57BL","Early adult","JAX_OFD_017_001","0.2953247"
"00152gb042cv4om","MGI:2444631","C57BL","Early adult","IMPC_XRY_016_001","0.2686382"
"001do1s5l848u8a","MGI:1916413","C57BL","E9.5","IMPC_CBC_014_001","0.8637466"
"001rv0ok4b8uy6x","MGI:1920199","C57BL","E12.5","IMPC_CSD_013_001","0.977817"
"0034yrl724hagpm","MGI:2140050","C57BL","E9.5","IMPC_GEO_019_001","0.5993076"
"003f878t6bp36em","MGI:1913420","C57BL","Early adult","IMPC_ACS_037_001","0.6837732"
"003r8i8i5c800rm","MGI:1924467","C57BL","Early adult","IMPC_IPG_010_001","1.271505e-05"
"003y65o66ffzp7a","MGI:1924232","C57BL","Early adult","IMPC_HEM_019_001","0.4749299"
"004gd232v456sla","MGI:98386","C57BL","Early adult","IMPC_EYE_012_001","0.9217141"
"005k1zy63sv824a","MGI:1915862","C57BL","E18.5","IMPC_OFD_021_001","0.6148917"
"00601o4547t4h3x","MGI:1922776","C57BL","Middle aged adult","IMPC_CBC_016_001","0.6056912"
"006197j1j21991m","MGI:2684896","C57BL","Early adult","IMPC_EYE_027_001","0.2976817"
"006n7w96bpx62nx","MGI:1918398","129SV","Early adult","IMPC_CSD_025_001","0.2751707"
"00776w389yp711x","MGI:98960","C57BL","E15.5","IMPC_CSD_023_001","0.09547829"
"0091deh9t83339x","MGI:3611450","C57BL","Early adult","MGP_IMM_004_001","0.7571238"
"0091w838456o5cx","MGI:2387617","C57BL","Early adult","IMPC_HEM_030_001","0.3816427"
"009w41n9c42iuda","MGI:1913721","C57BL","Early adult","IMPC_OFD_050_001","0.4944902"
"00gc404c8wspagm","MGI:1917770","C57BL","Early adult","IMPC_EYE_026_001","0.1241104"
"00o46k0a34wqk9x","MGI:1919051","C57BL","Early adult","MGP_IMM_108_001","0.2976805"
"00swp4930bq3hta","MGI:1914199","C57BL","Early adult","IMPC_CSD_041_002","0.3212645"
"00ua48g0re4k03a","MGI:1927580","C59BL","Early adult","IMPC_CBC_003_001","0.9700992"
"00w34i52gq6t9sa","MGI:1915282","C57BL","Early adult","IMPC_HEM_006_001","0.9394754"
"00wn0ae6km4l59a","MGI:1924955","C57BL","Early adult","IMPC_EYE_017_001","0.5112005"
"00z341lw4tmt6na","MGI:97383","C57BL","Early adult","IMPC_GRS_010_001","0.2943943"
"00z890hx393ilox","MGI:1927753","C57BL","E15.5","IMPC_CSD_078_001","0.2390857"
"00zzl5n354nxqlx","MGI:1337072","C57BL","Early adult","M-G-P_026_001_003","0.9278199"
"0101197v0wg94cm","MGI:1919880","C57BL","Early adult","IMPC_CSD_038_001","0.8866748"
"0104o7s3a87j8xm","MGI:1916428","C57BL","Early adult","IMPC_XRY_022_001","0.8230056"
"010pfthu785n00m","MGI:2138198","C57BL","Early adult","MGP_MLN_080_001","0.1583881"
"01154eyw6fr4ksa","MGI:1349164","C57BL","Early adult","IMPC_ABR_010_001","0.4488389"
"0119w207801674a","MGI:2442704","C57BL","Early adult","IMPC_HEM_019_001","0.2394178"
"012nj01avmd1lta","MGI:107171","C57BL","Early adult","ESLIM_008_001_007","0.4180805"
"0148j10rn67205m","MGI:2444631","C57BL","E12.5","IMPC_GEL_058_001","0.9944418"
"015r27o89nu19om","MGI:104899","C57BL","Early adult","IMPC_GEP_011_002","0.7364502"
"017con0zw292b4x","MGI:1914199","C57BL","Early adult","IMPC_HEM_001_001","0.3669798"
"017ij28ay0424pa","MGI:1346069","C57BL","Early adult","JAX_OFD_009_001","0.08096606"
"01b921qek008jta","MGI:1917770","C57BL","Early adult","IMPC_GEM_069_001","0.2369657"
"01f54429u7lju0m","MGI:104294","C57BL","Early adult","IMPC_OFD_050_001","0.08298324"
"01fj2o71qs42e5m","MGI:1350930","C57BL","Early adult","IMPC_CSD_030_001","0.6145621"
"01ge61dn8hi19ga","MGI:2444631","C57BL","Early adult","IMPC_OFD_018_001","0.1009468"
"01i07bze1ka0h7m","MGI:1914210","C57BL","Early adult","IMPC_GEO_043_002","0.8417374"
"01ie1b51678c33m","MGI:1096385","C57BL","Middle aged adult","IMPC_XRY_027_001","0.7977132"
"01m3xi97s2n51dm","MGI:1337072","C57BL","Late adult","IMPC_EYE_017_001","0.1750285"
"01mu1hc5jp1385a","MGI:2140050","C57BL","E9.5","IMPC_IMM_040_002","0.7013873"
"01o8ma93k2jh04a","MGI:1919300","C57BL","Early adult","IMPC_ECH_012_001","0.3644325"
"01r6zq38j237c3x","MGI:1913746","C57BL","Early adult","KMPCLA_GRS_010_001","0.3783162"
"01u86p9b1p7222m","MGI:104899","C57BL","E9.5","IMPC_EYE_063_001","0.3873563"
"01u8anlu2l5336x","MGI:2685869","C57BL","Early adult","IMPC_CBC_017_001","0.6230316"
"01u93w36bfs6i8x","MGI:2443564","C57BL","E9.5","IMPC_DXA_009_001","0.6530873"
"01uyr330u5w680m","MGI:104793","C57BL","Early adult","IMPC_GEP_034_001","0.1239294"
"01v9ewe28297m0m","MGI:1931071","C57BL","Early adult","MGP_IMM_127_001","0.2049603"
"01w2u3pbz77f0cx","MGI:1921520","C57BL","Early adult","IMPC_DXA_004_001","0.6273834"
"01w6y063oouz3cm","MGI:2443100","C57BL","Early adult","IMPC_GEM_025_002","0.09748086"
"01wp726oud68fxm","MGI:1916022","C57BL","Early adult","M-G-P_012_001_005","0.0785232"
"01xz3gu16937b0x","MGI:2684789","C57BL","Early adult","ESLIM_015_001_011","0.3689669"
"01y1t29rne9942m","MGI:2444508","C57BL","E15.5","IMPC_IMM_004_002","0.6510462"
"020b5moy7na7pya","MGI:2444508","C57BL","E12.5","IMPC_OFD_011_001","0.4212592"
"0210uj52sfnyq1m","MGI:1914210","C57BL","Early adult","IMPC_IMM_014_002","0.9821411"
"0218e8u318770dx","MGI:2443564","C57BL","E12.5","IMPC_CBC_002_001","0.07443484"
"021m263ud9l732x","MGI:2139461","C57BL","Early adult","MGP_PBI_005_001","0.4668118"
"021r02vbxk91w0m","MGI:95975","C57BL","Early adult","IMPC_HEM_032_001","0.318936"
"022gc237ebj202a","MGI:1890510","C57BL","Early adult","IMPC_DXA_009_001","1.34313e-09"
"0232g8k88d03a3a","MGI:1915282","C57BL","Early adult","IMPC_ACS_006_001","0.5399675"
"023bk9d0i7s0i2x","MGI:2140050","C57BL","E9.5","IMPC_IMM_011_002","0.3644017"
"0245108s7uz1l8m","MGI:98386","C57BL","E15.5","MGP_MLN_080_001","0.2250577"
"024a218si76x63x","MGI:107341","C57BL","Early adult","IMPC_EYE_063_001","0.05792599"
"024u1z73e2l45wa","MGI:2444631","C57BL","Early adult","ESLIM_011_001_005","0.401883"
"02575h9x58qh36a","MGI:1309469","C57BL","E12.5","MGP_IMM_130_001","0.9421668"
"0257jy8lbw1qugx","MGI:107171","C57BL","Early adult","IMPC_DXA_006_001","0.6978473"
"026260y2u9hb07x","MGI:1924486","C57BL","Early adult","IMPC_EYE_092_002","0.6742481"
"02698mow04s66px","MGI:1922387","C57BL","Early adult","IMPC_GEM_007_001","0.2628013"
"026k75cg613tf3a","MGI:3649135","C57BL","Early adult","CCP_XRY_061_001","0.6728696"
"027390994v23u8m","MGI:1350930","C57BL","Early adult","IMPC_CSD_038_001","0.06092209"
"027h5gy4d20558x","MGI:97565","C57BL","E12.5","IMPC_OFD_013_001","0.6550375"
"027r5454e3607tx","MGI:107171","C57BL","Early adult","IMPC_EYE_070_001","0.1549889"
"028649i7z74ppjx","MGI:1891259","C57BL","Early adult","JAX_LDT_009_001","0.8125881"
"028rxl30b42a0yx","MGI:1350930","C57BL","Early adult","MGP_IMM_073_001","0.08269183"
"029dy8817hu966a","MGI:2140361","C57BL","E18.5","IMPC_GEM_025_002","0.3151736"
"02anbnosd8fb32m","MGI:3611233","C57BL","Early adult","IMPC_EYE_025_001","0.5267301"
"02as46e7k8x619x","MGI:1919880","C57BL","Early adult","UCD_OWT_005_001","0.4667722"
"02b4f63i78a1e4a","MGI:107363","C57BL","Early adult","IMPC_IPG_010_001","0.8891581"
"02d92wf7l2gq8aa","MGI:2387617","C57BL","Early adult","IMPC_DXA_006_001","0.4420585"
"02d9ovn828dsz1a","MGI:1919128","C57BL","Early adult","UCDLA_CSD_012_001","0.3341795"
"02el665km2btt6m","MGI:1890510","C57BL","Early adult","CCP_XRY_001_001","0.1308271"
"02j1r41e88pm4vx","MGI:1921735","C57BL","Early adult","IMPC_IMM_032_002","0.2153291"
"02k906jw50k52ix","MGI:1915643","C57BL","Early adult","MGP_IMM_010_001","0.6912183"
"02osij4k0z0f32a","MGI:3588202","C57BL","Early adult","IMPC_EYE_027_001","0.5908706"
"02p6a3gxvgcjtbm","MGI:1923676","C57BL","Early adult","MGP_IMM_004_001","0.7501101"
"02rzs5yrbg61t0a","MGI:1920199","C57BL","Early adult","IMPC_GEO_065_001","0.5905942"
"02vct6ue041861x","MGI:1917120","C57BL","E18.5","JAX_ROT_002_001","0.1745492"
"02vwoq2693v4k9x","MGI:1923073","C57BL","Early adult","CCP_XRY_005_001","0.7747743"
"02x42vxp3s42h5m","MGI:106637","C57BL","Early adult","IMPC_CSD_015_001","0.8122028"
"02xtpg7mh4r691m","MGI:98386","C57BL","E9.5","MGP_IMM_013_001","0.6218659"
"02y3139d5t3wm2m","MGI:107363","C57BL","E18.5","HMGULA_DYS_014_001","0.1083035"
"02y4858mhj7tv0x","MGI:106925","C57BL","Middle aged adult","IMPC_EYE_056_001","0.471783"
"030878x231xvz7m","MGI:1914454","C57BL","E9.5","ESLIM_015_001_002","0.6083802"
"0312medn03w0kbm","MGI:1337072","C57BL","Late adult","MGP_MLN_114_001","0.6739605"
"031b7yx76ji945m","MGI:1927753","C57BL","E12.5","MGP_IMM_093_001","0.9947938"
"031g5otg7s3o3ca","MGI:97383","C57BL","Early adult","IMPC_ECH_018_001","0.08249887"
"032750z8233w14x","MGI:2444631","C57BL","E12.5","CCP_XRY_031_001","0.149796"
"033qb4itb57w7ym","MGI:1924232","C57BL","Early adult","ESLIM_016_001_004","0.7883811"
"0345wef0b6h4s8x","MGI:1931071","C57BL","Early adult","MGP_PBI_015_001","0.3718842"
"034lv7865j4z97x","MGI:97324","C57BL","Early adult","IMPC_CSD_015_001","0.8660292"
"0356e578f823khx","MGI:2445096","C57BL","Early adult","MGP_CSD_026_001","0.6006808"
"035v282575h65kx","MGI:104559","C57BL","Early adult","IMPC_ECG_010_001","0.9466729"
"03690vcj955tk0a","MGI:1922387","C57BL","E9.5","ESLIM_008_001_016","0.7063446"
"037i9828h0of3na","MGI:1913491","C57BL","Early adult","IMPC_EYE_065_001","0.4643552"
"037qpl5cun9619a","MGI:103559","C57BL","Early adult","IMPC_CBC_004_001","0.2242012"
"03877q45689600a","MGI:2444391","C57BL","Early adult","M-G-P_016_001_006","0.9982552"
"038u8h5x7c6cxmm","MGI:2676312","C57BL","Early adult","JAX_LDT_004_001","0.7131597"
"038wb1ggu71dcix","MGI:1923953","C57BL","Early adult","IMPC_GEP_022_001","0.437636"
"038y695v157946x","MGI:1921520","C57BL","Early adult","IMPC_CBC_013_001","0.3223831"
"039188n5m6n8nex","MGI:104516","C57BL","Early adult","IMPC_IMM_004_002","0.525513"
"0398g4d3l1t01rx","MGI:2135283","C57BL","Early adult","ESLIM_005_001_701","0.2325874"
"039kx8lo4t908nm","MGI:1920484","C57BL","Early adult","UCDLA_CSD_012_001","0.8559221"
"03a0e6b472bxv5m","MGI:1924467","C57BL","Early adult","IMPC_EYE_069_001","0.64724"
"03aq764yy367bka","MGI:104793","C57BL","Early adult","JAX_OFD_017_001","0.6861189"
"03at4z6y1mvvypm","MGI:1915599","C57BL","Early adult","CCP_XRY_005_001","0.1114065"
"03d8m8977xa4wgx","MGI:1913721","C57BL","Early adult","IMPC_IMM_032_002","0.09163452"
"03g5lk92a1f37vm","MGI:97565","C57BL","Early adult","M-G-P_026_001_003","0.52135"
"03j38j70489ka3x","MGI:2158201","C57BL","Early adult","CCP_XRY_019_001","0.1999087"
"03o34612ocewe5a","MGI:1919880","C57BL","Early adult","IMPC_EYE_025_001","0.7375433"
"03odn18al98f8cm","MGI:98386","C57BL","Early adult","ESLIM_008_001_022","0.2837255"
"03p58a68nvn188x","MGI:3576049","C57BL","Early adult","IMPC_EYE_070_001","0.6887831"
"03qe9prx526ua3a","MGI:1918398","C57BL","Early adult","CCP_LDT_008_001","0.13155"
"03s5cuts2982d6a","MGI:1924232","C57BL","Early adult","IMPC_CSD_026_001","0.7683114"
"03tpp99mpx32efm","MGI:2444631","C57BL","E12.5","MGP_MLN_080_001","0.4469908"
"03w57iuaa187yaa","MGI:1350930","C57BL","E12.5","IMPC_DXA_009_001","0.3735927"
"03yk9pf19hv1w7a","MGI:1914454","C57BL","E12.5","IMPC_FEA_003_001","0.9881373"
"03zu94dlv7p138a","MGI:1915862","C57BL","E18.5","IMPC_CBC_023_001","0.547062"
"04127f0ef0o025a","MGI:97565","C57BL","E9.5","IMPC_EYE_064_001","0.3302339"
"041mpe7259n283x","MGI:1913790","C57BL","Early adult","MGP_IMM_086_001","0.06371847"
"041n959wy0n065m","MGI:1926106","C57BL","Early adult","IMPC_HEM_038_001","0.8527822"
"042a5w3p49nouba","MGI:105383","C57BL","Early adult","IMPC_OFD_009_001","0.8833708"
"042lk77sc111t5a","MGI:2685195","C57BL","E9.5","IMPC_XRY_027_001","0.8634949"
"0443s3p19891rrm","MGI:2443100","C57BL","Early adult","MGP_MLN_075_001","0.6204375"
"044za1ra467o5hm","MGI:2679260","C57BL","Early adult","IMPC_CSD_078_001","0.4162955"
"0452x7eg152rqim","MGI:2442177","C57BL","Early adult","IMPC_CSD_078_001","0.5326356"
"0464p54u5tgl0dm","MGI:106925","C57BL","Middle aged adult","MGP_IMM_012_001","0.2839288"
"047949s748q6s2x","MGI:1096385","C57BL","Late adult","UCDLA_CSD_011_001","0.9985413"
"0480r5g6edjyx3x","MGI:1916987","C57BL","E12.5","MGP_PBI_015_001","0.2463879"
"04835r73s9d4uxx","MGI:1913790","C57BL","Early adult","M-G-P_026_001_010","5.686925e-07"
"0497l9za892c28m","MGI:1921520","C57BL","Early adult","CCP_LDT_007_001","0.8367766"
"049oz3m2z06hz3x","MGI:1922776","C57BL","Early adult","MGP_IMM_006_001","0.7482361"
"04dgvr83ox7zc5a","MGI:1346342","C57BL","Early adult","IMPC_GEO_043_002","0.09189939"
"04f5vvhh4ig4u9m","MGI:106637","C57BL","Early adult","IMPC_CBC_009_001","0.702226"
"04ir49lo821667a","MGI:1923073","C57BL","Early adult","M-G-P_025_001_002","0.5162972"
"04kj8m4x3b343kx","MGI:2676312","C57BL","Early adult","IMPC_OWT_002_001","0.5902634"
"04ku50665zepwcx","MGI:2384297","C57BL","E9.5","IMPC_ACS_006_001","0.3050735"
"04ot9ig441lo27x","MGI:1919471","C57BL","Early adult","MGP_IMM_005_001","0.730254"
"04r6ia22817yksm","MGI:2684789","C57BL","Early adult","MGP_IMM_130_001","0.4452064"
"04r741hu83rt2ka","MGI:2444508","C57BL","E12.5","JAX_OFD_009_001","0.5122807"
"04ri5w0ev3f00rx","MGI:1916987","C57BL","Early adult","IMPC_CSD_015_001","0.06292944"
"04y1dofey92zkoa","MGI:3617846","C57BL","Early adult","MGP_IMM_016_001","0.3488772"
"04yp60752t1e07x","MGI:1201673","C57BL","E15.5","IMPC_GRS_009_001","0.1060898"
"04z764c2x99g13x","MGI:87867","C57BL","Early adult","JAX_LDT_009_001","0.2423103"
"050c25yjvdfe36a","MGI:1919369","C57BL","E9.5","IMPC_EYE_087_001","0.907695"
"050t179i06k9ihx","MGI:106637","C57BL","E9.5","IMPC_ACS_035_001","0.147197"
"05120v5c87h86ca","MGI:1918142","C57BL","Early adult","IMPC_CSD_028_001","0.3186615"
"05148743bn1j97x","MGI:1924232","C57BL","Early adult","IMPC_DXA_009_001","0.9655122"
"051r454w4671eoa","MGI:1913423","C57BL","Early adult","CCP_XRY_018_001","0.7850896"
"0524f47bc3bebya","MGI:3617846","C57BL","Early adult","JAX_PLC_004_001","0.8758001"
"05382xo7rz29c4m","MGI:1917120","C57BL","Early adult","IMPC_IMM_040_002","0.7956127"
"053zgu37c1i991a","MGI:106925","C57BL","Early adult","IMPC_GRS_010_001","0.8582319"
"0543w6t53mw4j6m","MGI:106637","C54BL","E9.5","IMPC_CBC_016_001","0.2671063"
"0546847ye551j7x","MGI:88525","C57BL","Early adult","MGP_IMM_019_001","0.635224"
"055v2d9ae4ois7x","MGI:1095412","C57BL","Middle aged adult","JAX_LDT_002_001","0.803952"
"05922217utd5h0m","MGI:103300","C57BL","Early adult","UCD_OWT_003_001","0.9466426"
"0594f1f839q896x","MGI:3611450","C57BL","Early adult","IMPC_XRY_027_001","0.860063"
"0596l05fbk52prx","MGI:1920199","C57BL","Early adult","IMPC_CBC_004_001","0.2126099"
"059f92d36g8kd7a","MGI:95777","129SV","Early adult","IMPC_CBC_003_001","0.3035859"
"05b6y0jr5z3mn5m","MGI:2444508","C57BL","E15.5","IMPC_XRY_023_001","0.3347577"
"05e51ha85tpjaox","MGI:1927241","C57BL","E12.5","IMPC_GRS_010_001","0.5628369"
"05j4m9u90038yxx","MGI:1922387","C57BL","E12.5","IMPC_CSD_013_001","0.9571669"
"05jf4518147g0ta","MGI:2387617","C57BL","Early adult","IMPC_XRY_023_001","1.176422"
"05l30270qmp68xx","MGI:1918398","C57BL","Early adult","JAX_OFD_014_001","0.1371298"
"05n8349q911pl2x","MGI:1927241","C57BL","Early adult","ESLIM_008_001_022","0.9110654"
"05oaw9i8ezualka","MGI:1917770","C57BL","Early adult","IMPC_EYE_092_002","0.5466274"
"05tn172q45o55ux","MGI:1859866","C57BL","Early adult","IMPC_FEA_015_001","0.1600154"
"05upk1yr9wnej9m","MGI:101770","C57BL","Early adult","IMPC_ECH_013_001","0.5324877"
"05vtxg3c29a9rnm","MGI:2443805","C57BL","Early adult","IMPC_HEM_030_001","0.9722131"
"05w516on28k549m","MGI:2444274","C57BL","Early adult","IMPC_OFD_009_001","0.8452188"
"05wmaa2069ex6px","MGI:2444631","C57BL","Early adult","MGP_IMM_013_001","0.8972444"
"05x4s2z23639h1m","MGI:1927753","C57BL","E15.5","IMPC_HEM_004_001","0.6239287"
"0600hmp730pq49x","MGI:98386","C57BL","E9.5","IMPC_HEM_027_001","0.3070182"
"0608979s64gxtkx","MGI:1916987","C57BL","E12.5","IMPC_OFD_019_001","0.5850847"
"061919618r0032m","MGI:1921263","C57BL","Early adult","ESLIM_013_001_004","0.216896"
"062a42w299j55jx","MGI:1914454","C57BL","E12.5","IMPC_IMM_011_002","0.511238"
"062i1078mi8rbwm","MGI:1309469","C57BL","E12.5","MGP_IMM_128_001","0.1754263"
"062w1t19s06pp9m","MGI:107363","C57BL","E18.5","IMPC_GEM_068_001","0.5097024"
"0633ivbn37473cx","MGI:1924232","C57BL","Early adult","UCDLA_EYE_083_001","0.2447342"
"0654dea30c8640m","MGI:88015","C57BL","E15.5","IMPC_EYE_017_001","0.1266463"
"0677c92pufcwk6a","MGI:107191","C57BL","Early adult","ESLIM_020_001_002","0.8926117"
"067x1l1iyk6617x","MGI:1916330","C57BL","Early adult","IMPC_ECH_012_001","0.2877018"
"068k675497881ea","MGI:1919471","C57BL","Early adult","IMPC_GEO_064_001","0.7090884"
"068wc9t3eas7hra","MGI:1922387","C57BL","E12.5","ESLIM_016_001_004","0.6936145"
"0692417a41eyt3m","MGI:1096385","C57BL","Late adult","UCDIP_CSD_014_001","0.3606844"
"06a94qi05emm13m","MGI:104294","C57BL","Early adult","ESLIM_013_001_004","0.6970378"
"06d94662b697njx","MGI:1922776","C57BL","Early adult","IMPC_HEM_027_001","0.110921"
"06f26zf05j803ta","MGI:2138198","C57BL","Early adult","IMPC_CBC_024_001","0.6335595"
"06fninx58a1sh1x","MGI:2140050","C57BL","Early adult","IMPC_IPG_012_001","0.2550914"
"06h453ezyiy492a","MGI:98397","129SV","Early adult","IMPC_ECG_028_001","0.7352954"
"06md03c2s1p8jra","MGI:1919051","C57BL","Early adult","MGP_PBI_005_001","0.2384632"
"06nrj64in2q851a","MGI:101813","C57BL","E9.5","CCP_XRY_004_001","0.7553434"
"06pdct366icub1m","MGI:2444631","C57BL","Early adult","MGP_IMM_128_001","0.09500919"
"06u61l960i4i65x","MGI:101813","C57BL","Early adult","MGP_CSD_027_001","0.7247845"
"06vebg7j8566r6x","MGI:98386","C57BL","Early adult","JAX_LDT_009_001","0.2707336"
"06w4k91o3mog7tm","MGI:2677271","C57BL","Early adult","IMPC_GEO_019_001","0.800492"
"06z86l911i53ria","MGI:107674","C57BL","Early adult","IMPC_OFD_050_001","0.7779199"
"0701i3urz72h2cm","MGI:101813","C57BL","E9.5","CCP_LDT_003_001","0.2634812"
"0723snm2ry79ztx","MGI:1914199","C57BL","E18.5","IMPC_HEM_003_001","0.3516525"
"072d0j9wgn14y6m","MGI:1919051","C57BL","Early adult","UCDLA_CSD_011_001","0.2075904"
"072d6jz1dw34l6m","MGI:1096385","C57BL","Late adult","IMPC_GEM_019_001","0.8960334"
"073778ia03bh34a","MGI:105383","C57BL","Early adult","IMPC_GEM_019_001","0.4117648"
"073e382r7c7xd5m","MGI:1921735","C57BL","Early adult","JAX_OFD_050_001","0.845315"
"0747vht20q2p02a","MGI:107363","C57BL","E9.5","IMPC_CSD_007_001","0.8087706"
"07486sg57q2g88a","MGI:1914454","C57BL","Early adult","IMPC_GRS_009_001","0.4390814"
"074c04mnawg160a","MGI:1309469","C57BL","E15.5","IMPC_CBC_010_001","0.6057513"
"0752vvc4kcv351a","MGI:1922423","C57BL","Early adult","IMPC_EYE_023_001","0.7258464"
"0752z0i6t2e03ix","MGI:1913761","C57BL","Early adult","MGP_MLN_015_001","0.0529714"
"075s8yvc3t8n7tx","MGI:2385213","C57BL","Late adult","ESLIM_015_001_011","0.4683818"
"07689f1i652bn1m","MGI:1350930","C57BL","Early adult","CCP_XRY_062_001","0.8579555"
"076f05296k85ala","MGI:1921263","C57BL","Early adult","IMPC_XRY_057_001","0.3223051"
"076k1wlm51586ba","MGI:3576049","C57BL","Early adult","IMPC_EYE_063_001","0.4940689"
"0776n2j5nr1o9jx","MGI:1201673","C50BL","E12.5","MGP_IMM_013_001","0.09771712"
"078q5n56png8x0a","MGI:2444824","C57BL","Early adult","IMPC_CSD_014_001","0.135488"
"0795g7i652qeydm","MGI:107674","C57BL","Early adult","MGP_MLN_012_001","0.8013516"
"079e3wj41fqfw5a","MGI:1309469","C57BL","E12.5","IMPC_GEL_011_001","0.9776704"
"079wh8tav077m7x","MGI:88015","C57BL","E15.5","MGP_IMM_052_001","0.6604419"
"07cqp1q3i6k701m","MGI:1278321","C57BL","Early adult","MGP_IMM_108_001","0.6509706"
"07d6addk635079m","MGI:1922828","C57BL","Early adult","IMPC_XRY_006_001","0.5052725"
"07g7ee269889hqx","MGI:1919128","C57BL","Early adult","IMPC_CBC_003_001","0.7223276"
"07gd0kd6233474x","MGI:1337072","C57BL","Late adult","ESLIM_008_001_016","0.5455338"
"07gqa9r89qz267a","MGI:1890510","C57BL","Early adult","IMPC_CSD_014_001","0.4726685"
"07h2s3493183g2m","MGI:3045320","C57BL","Early adult","JAX_LDT_009_001","0.09760414"
"07jj6grn0da587x","MGI:3588216","C57BL","Early adult","JAX_LDT_002_001","0.7405956"
"07nj8z7r81p6xex","MGI:104516","C57BL","Early adult","IMPC_EYE_065_001","0.9605218"
"07qey3z1bkwhpxm","MGI:2444824","C57BL","Early adult","MGP_IMM_116_001","0.8837661"
"07s9vgm4906675m","MGI:1349164","C57BL","Early adult","ESLIM_013_001_004","0.6957086"
"07u3f43r4wxmjta","MGI:1095412","C57BL","Middle aged adult","IMPC_CBC_010_001","0.06121722"
"07ub33903j8215a","MGI:104708","C57BL","E9.5","IMPC_CSD_023_001","0.7877606"
"07w4051nh0x3aea","MGI:97803","C57BL","E15.5","IMPC_GRS_011_001","0.9940189"
"07z2txj4tab59aa","MGI:2679420","C57BL","Early adult","IMPC_EYE_062_001","0.6163224"
"080ck2b0z14gi6a","MGI:1201673","C57BL","E9.5","MGP_IMM_128_001","0.7267413"
"080pk8838f04o7a","MGI:2140050","C57BL","E9.5","HMGULA_DYS_016_001","0.4278983"
"080vp2b940a4rtx","MGI:99218","C57BL","Early adult","IMPC_CBC_008_001","0.9658038"
"080z634t614r3sx","MGI:1096385","C57BL","Middle aged adult","IMPC_XRY_015_001","0.5412016"
"081e7312xmd60nm","MGI:1915247","C57BL","E9.5","MGP_MLN_072_001","0.9334905"
"081h2353ax6kw4m","MGI:1915247","C57BL","E9.5","HRWL_OWT_001_001","0.4161443"
"082329f91i2575x","MGI:2679260","C57BL","Early adult","UCD_OWT_003_001","0.343523"
"08235i547c481lm","MGI:1351315","C57BL","Early adult","IMPC_GEP_005_002","0.4580237"
"083efzr059b4k6a","MGI:1913761","C57BL","Early adult","IMPC_XRY_060_001","0.5750767"
"08441gk7s9bmwjm","MGI:1096385","C57BL","Early adult","IMPC_DXA_007_001","0.3121377"
"085rbnha354iu3m","MGI:97565","C57BL","E12.5","CCP_LFO_001_001","0.9265876"
"0861urmowsjt0vx","MGI:2139018","C57BL","Early adult","MGP_IMM_116_001","0.8235727"
"0868n25ok998e1a","MGI:88525","C57BL","Early adult","IMPC_CBC_001_001","0.2056472"
"086g16lplt382nm","MGI:1915862","C57BL","Early adult","IMPC_ECG_028_001","0.9666203"
"087g0x71tpuw3ia","MGI:3650206","C57BL","Early adult","M-G-P_025_001_005","0.6426002"
"087hj61l5w7u2mm","MGI:2684789","C57BL","Early adult","IMPC_GEP_034_001","0.1353233"
"088053ims840p3a","MGI:2685195","C57BL","E9.5","CCP_LDT_003_001","0.3447588"
"088l9q34ar856im","MGI:2384297","C57BL","Early adult","CCP_XRY_019_001","0.4528551"
"08940prc69n90lm","MGI:1098604","C57BL","Early adult","MGP_MLN_066_001","0.214033"
"089834g693n7snm","MGI:1925835","C57BL","Early adult","IMPC_EYE_062_001","0.9749023"
"08ag3mh7x8y001m","MGI:1927753","C57BL","E15.5","MGP_IMM_009_001","0.926252"
"08b46ijf7ua941x","MGI:1914454","C57BL","E9.5","MGP_IMM_093_001","0.07227868"
"08bxxb251j98uea","MGI:1890510","C57BL","Early adult","UCDIP_CSD_014_001","0.1878189"
"08ck7ev3117163x","MGI:2443564","C57BL","Early adult","CCP_XRY_018_001","0.8852809"
"08d5q4c8641r17m","MGI:2443925","C57BL","Early adult","M-G-P_016_001_002","0.6092145"
"08dbjk6t5m3x95m","MGI:2385213","C59BL","Middle aged adult","UCD_OWT_003_001","0.1923292"
"08e3d725v5u301x","MGI:1931071","C57BL","Early adult","IMPC_ECG_028_001","0.3854255"
"08ek5p06w0upw2m","MGI:1351315","C57BL","E9.5","CCP_XRY_020_001","0.9696425"
"08f11d4cdw9eiem","MGI:102844","C57BL","Early adult","JAX_OFD_017_001","0.7633074"
"08hu634amg4p16m","MGI:1339755","C57BL","Early adult","IMPC_CSD_040_002","0.07827212"
"08igxmzrs878e5x","MGI:2443925","C57BL","Early adult","IMPC_EYE_008_001","0.674995"
"08j876c7sjp3ljx","MGI:1346086","C57BL","Early adult","MGP_MLN_014_001","0.3072632"
"08kk1p1bmu2860m","MGI:109424","C57BL","Early adult","IMPC_CBC_012_001","0.4194655"
"08kxvel1t0849qx","MGI:1339968","C57BL","Early adult","IMPC_XRY_012_001","0.1726491"
"08u90dex56p4w9a","MGI:1918142","C57BL","Early adult","IMPC_CSD_025_001","0.5246922"
"08uzu02u8474kqm","MGI:1927753","C57BL","Early adult","MGP_MLN_003_001","0.05752027"
"08w0vc04s31x96x","MGI:1350930","C57BL","E12.5","JAX_OFD_021_001","0.5059387"
"08yb1o2cc62g2nx","MGI:1924265","C57BL","Early adult","IMPC_ECH_018_001","0.9974112"
"0901wl617qkx93m","MGI:1927753","C57BL","Early adult","IMPC_EYE_087_001","0.7621781"
"0915657j69xd0im","MGI:2444631","C57BL","E15.5","IMPC_GEP_022_001","0.9924669"
"09161096g9643qm","MGI:1098604","C57BL","Early adult","MGP_IMM_076_001","0.673351"
"09224w645t92q0a","MGI:1924232","C57BL","Early adult","MGP_IMM_006_001","0.8840702"
"0929814d2nte80m","MGI:1915643","C57BL","Early adult","IMPC_GEP_030_002","0.845233"
"093yqd237y653ga","MGI:1278321","C57BL","Early adult","IMPC_CSD_036_001","0.5931636"
"0940k7x9cd0h2mx","MGI:2676312","C57BL","Early adult","IMPC_CSD_028_001","0.2030563"
"0958h4153iyh8dm","MGI:87879","C57BL","Early adult","IMPC_CBC_009_001","0.05876604"
"0970c14h32zc7zx","MGI:1918142","C57BL","Early adult","IMPC_GEL_058_001","0.2557134"
"09792375e3397vm","MGI:99218","C57BL","Early adult","MGP_IMM_079_001","0.07763008"
"098e18valwgcw8m","MGI:104559","C57BL","Early adult","IMPC_CSD_030_001","0.7701634"
"098l5d63wil8w3x","MGI:1914199","C57BL","E18.5","IMPC_CBC_002_001","0.9871648"
"09d0c8fyl1sl5bm","MGI:1339755","C57BL","Early adult","CCP_XRY_061_001","0.3457996"
"09d4d0hw355q9xa","MGI:98960","C57BL","E12.5","IMPC_HEM_003_001","0.796572"
"09e1be2j2o03elx","MGI:2444508","C57BL","E12.5","IMPC_HEM_019_001","0.1453793"
"09f1ren40713hbx","MGI:1913761","C57BL","Early adult","IMPC_HEM_004_001","0.5800781"
"09fm0600ge4075x","MGI:1350930","C57BL","E12.5","MGP_IMM_124_001","0.1312832"
"09g227isy89j89m","MGI:1916428","129SV","Early adult","MGP_CSD_027_001","0.7474255"
"09g2q4g07j0ql5a","MGI:109424","C57BL","Early adult","IMPC_GEO_065_001","0.7525361"
"09ia7nahdf211jm","MGI:97850","C57BL","Early adult","IMPC_GEL_011_001","0.3762628"
"09ki6i3a4z2l9cm","MGI:2444989","C58BL","Early adult","IMPC_CBC_020_001","0.5559933"
"09l24l283nn4y4m","MGI:2442704","C57BL","Early adult","ESLIM_015_001_011","0.1231638"
"09n00195640a7kx","MGI:1913761","C57BL","Early adult","IMPC_ECG_003_001","0.5038811"
"09n07yg45fh212x","MGI:1917770","C57BL","Early adult","IMPC_CSD_013_001","0.09105765"
"09u578h7b5xrx7a","MGI:1921722","C57BL","Early adult","IMPC_GEL_060_001","0.224469"
"09u8g8qj68058qa","MGI:109424","C57BL","Early adult","IMPC_GEM_019_001","0.6640131"
"0a1i9w13nyz319x","MGI:2676312","C57BL","E18.5","MGP_IMM_006_001","0.6667997"
"0a6e4nl4nref8lm","MGI:108429","C57BL","E12.5","IMPC_EYE_017_001","0.4455169"
"0a8hr265t94uuqa","MGI:2676312","C57BL","Early adult","IMPC_XRY_022_001","0.3047644"
"0a9mwqcyk0suvfm","MGI:1918066","C57BL","Early adult","IMPC_CBC_009_001","0.8335299"
"0ac1oo7l58ve2am","MGI:2441837","C57BL","Early adult","MGP_MLN_012_001","0.3667238"
"0aew56p8o89jdbx","MGI:2139018","C57BL","Early adult","IMPC_EYE_012_001","0.1260296"
"0ahf91845dw88vx","MGI:2444631","C57BL","Early adult","MGP_IMM_052_001","0.2030792"
"0am5ydxb39r4jwa","MGI:1339968","C57BL","Early adult","IMPC_ABR_008_001","0.4021878"
"0as07i59mu32x8x","MGI:1916413","C57BL","E9.5","IMPC_EYE_063_001","0.4334905"
"0auecc5l5d0o96x","MGI:1927753","C57BL","E15.5","IMPC_XRY_016_001","0.05597686"
"0aw7cp439e783xm","MGI:2444391","C57BL","Early adult","MGP_MLN_115_001","0.8937422"
"0b0pr35s1518vdm","MGI:108429","C57BL","Early adult","JAX_OFD_017_001","0.1241576"
"0b1762s9nwcsjhx","MGI:2443100","C57BL","Early adult","IMPC_CBC_013_001","0.6052987"
"0b18318xh52p67m","MGI:1860511","C57BL","Early adult","JAX_LDT_004_001","0.2169853"
"0b996u260xerbea","MGI:2444631","C57BL","Early adult","IMPC_OWT_002_001","0.9691668"
"0b9gcwwqokwmdqx","MGI:2684789","C57BL","Early adult","IMPC_CAL_017_001","0.5811802"
"0c06c3l3582t7la","MGI:106925","C57BL","Early adult","IMPC_GEM_075_001","0.7536286"
"0c21ut6uqdf267x","MGI:2681832","C57BL","Early adult","IMPC_GEM_068_001","0.7450418"
"0c27n8k042bx9sm","MGI:1914454","C57BL","E9.5","IMPC_EYE_003_001","0.3837551"
"0c4333u26p084hm","MGI:1350930","C57BL","Early adult","IMPC_GEO_063_001","0.2213484"
"0c48wyf1h6i5ujx","MGI:97383","C57BL","Early adult","IMPC_ACS_006_001","0.7727775"
"0c6560nugg1498a","MGI:1913746","C57BL","Early adult","IMPC_OFD_022_001","0.9218185"
"0c66t7x52ihbxgx","MGI:3611450","C57BL","Early adult","IMPC_ECG_010_001","0.311152"
"0c6ey4ib4bkucbm","MGI:3649135","C57BL","Early adult","MGP_IMM_076_001","0.3789638"
"0c917u0xm94i5sx","MGI:1913692","C57BL","Early adult","IMPC_CBC_009_001","0.852854"
"0cf4k5apu02ldim","MGI:1350930","C57BL","E12.5","IMPC_OFD_022_001","0.7218467"
"0chr0u6087rjg0a","MGI:1916987","C57BL","E15.5","IMPC_CSD_016_001","0.7724963"
"0ci95bvppw5gk6a","MGI:1337072","C57BL","Early adult","IMPC_GEO_017_002","0.08598411"
"0cj05s4933b07wa","MGI:2384297","C57BL","E9.5","IMPC_CSD_007_001","0.7430174"
"0ck2z4872m9t7fx","MGI:106637","C57BL","Early adult","MGP_MLN_075_001","0.1556801"
"0cn36325vpb3f5a","MGI:2444631","C57BL","Early adult","IMPC_EYE_068_001","0.4669386"
"0cnfk9121s3y1nx","MGI:1922776","C57BL","Early adult","IMPC_EYE_082_001","0.5866552"
"0d73715w89ywhba","MGI:1917120","C57BL","E18.5","IMPC_XRY_063_001","0.9457618"
"0dewn153h4rk6im","MGI:1341898","C57BL","Early adult","UCD_OWT_029_001","0.8377971"
"0dh5z3577087q0m","MGI:3611233","C57BL","Early adult","ESLIM_011_001_002","0.4955616"
"0dj36mf7lw3w39m","MGI:1914210","C57BL","Early adult","IMPC_IMM_032_002","0.4117288"
"0do4s7je4av98ga","MGI:109424","C57BL","Early adult","IMPC_EYE_068_001","0.6324648"
"0do6z0025eufk6a","MGI:108429","C57BL","E18.5","MGP_IMM_006_001","0.1050325"
"0dz41j6w8x4sg4a","MGI:1923304","C57BL","Early adult","IMPC_XRY_016_001","0.510115"
"0e1p24n02a64g1a","MGI:2384297","C57BL","E18.5","JAX_OFD_050_001","0.2767293"
"0e2lh1thtdoc14a","MGI:97565","C57BL","Early adult","IMPC_GEM_069_001","0.3621869"
"0e41d108z6209zm","MGI:1339755","C57BL","Early adult","IMPC_CSD_037_001","0.3865084"
"0e4f56707q5ycoa","MGI:1914542","C57BL","Early adult","IMPC_CBC_010_001","0.5591416"
"0e568pjeh74x34x","MGI:1922776","C57BL","Early adult","CCP_XRY_004_001","0.09784774"
"0e7143fiwx5z5mx","MGI:2677271","C57BL","Early adult","IMPC_CBC_018_001","0.4778005"
"0e7wb9zw25mg65m","MGI:88015","C57BL","Early adult","IMPC_ECG_010_001","0.4891701"
"0e8a88a927rksra","MGI:101770","C57BL","Early adult","IMPC_CSD_005_001","0.5600961"
"0e8y4x023wvbbka","MGI:1350926","C57BL","Early adult","IMPC_OFD_018_001","0.5293036"
"0eb43gmm8x9965x","MGI:1917120","C57BL","E18.5","IMPC_GEP_026_001","0.2604124"
"0ew0z906rb42nem","MGI:98960","C57BL","Early adult","MGP_IMM_130_001","0.6060393"
"0f190uvu7dvu3dx","MGI:1341898","C57BL","Early adult","MGP_IMM_016_001","0.9678771"
"0f1a4j52jm791va","MGI:1916732","C57BL","Early adult","ESLIM_011_001_004","0.3779803"
"0f3h2d0gtmd405x","MGI:2140712","C57BL","Early adult","JAX_OFD_013_001","0.9860035"
"0f4mm0z3z18213m","MGI:1923304","C57BL","Early adult","IMPC_GEO_019_001","0.9667705"
"0f5z298lp5af9mx","MGI:1919084","C57BL","Early adult","IMPC_CBC_058_001","0.6818071"
"0f617g5fj2pnfxa","MGI:2443805","C57BL","Early adult","JAX_OFD_050_001","0.2224677"
"0f62m88o7sbbvpm","MGI:97565","C57BL","Early adult","UCD_OWT_005_001","0.6698516"
"0f6783cv3934j8a","MGI:1914199","C57BL","Early adult","ESLIM_011_001_001","0.2812017"
"0ffv4e138zd5ypa","MGI:96429","C57BL","Early adult","JAX_LDT_004_001","0.3431865"
"0fgi9647a51gn3m","MGI:1924467","C57BL","Early adult","UCDLA_CSD_012_001","0.7157993"
"0fi777h463gh37m","MGI:1916413","C57BL","E9.5","MGP_IMM_044_001","0.5288001"
"0fk7wkrcmyb440m","MGI:106637","C57BL","E9.5","IMPC_EYE_092_002","0.3273048"
"0fq82960mwf924a","MGI:1922776","C57BL","Middle aged adult","IMPC_GEM_075_001","0.9593613"
"0fs178nm5vp3jom","MGI:95975","C57BL","Early adult","IMPC_HEM_029_001","0.8353743"
"0fsw4nvw89xiq9x","MGI:1919471","C57BL","Early adult","IMPC_CSD_033_001","0.9523809"
"0ft475std7397aa","MGI:98397","129SV","Early adult","ESLIM_008_001_002","0.8496141"
"0fvf125i531760m","MGI:98397","C57BL","Early adult","IMPC_GEL_058_001","0.611915"
"0fx941j2g3r07fm","MGI:2444508","C57BL","E15.5","IMPC_CBC_014_001","0.9487664"
"0fz4944doy9o4tx","MGI:1332243","C57BL","Early adult","IMPC_HEM_003_001","0.1671918"
"0g7pw4r52r58v7a","MGI:2387617","C57BL","Early adult","CCP_XRY_031_001","0.3352307"
"0g8u1448b5200na","MGI:2444631","C57BL","Early adult","ESLIM_008_001_002","0.2062661"
"0g97y2uml163ypm","MGI:1919051","C57BL","Early adult","MGP_IMM_093_001","0.1057974"
"0g98063poe5686a","MGI:1309469","C57BL","E12.5","JAX_OFD_012_001","0.7178259"
"0g9mwldf9g10b5m","MGI:1915862","C57BL","E12.5","IMPC_GEL_060_001","0.9918857"
"0ga4w75f1310zka","MGI:95281","C57BL","Early adult","JAX_LDT_008_001","0.9273454"
"0gagjq57rl23oyx","MGI:2139018","C57BL","Early adult","ESLIM_008_001_016","0.9875992"
"0gb910k3qu2sl2a","MGI:106637","C57BL","Early adult","ESLIM_016_001_004","0.259157"
"0h101605w9mw8rm","MGI:102844","C57BL","Early adult","IMPC_ACS_033_001","0.1184961"
"0h1j4vi8294np4a","MGI:1913692","C57BL","Early adult","IMPC_EYE_016_001","0.3871983"
"0h38f13v78nmg7x","MGI:98397","129SV","Early adult","IMPC_ECG_010_001","0.7450059"
"0h5034rmj1fi65m","MGI:106925","C59BL","Middle aged adult","IMPC_EYE_026_001","0.7419745"
"0h66y05j6z36j9a","MGI:108429","C57BL","E18.5","MGP_IMM_073_001","0.4278506"
"0h68bc79iflzb3a","MGI:104708","C57BL","Early adult","MGP_MLN_076_001","0.3955902"
"0hdd375278pmlhm","MGI:2385213","C57BL","Early adult","IMPC_ACS_033_001","0.2557633"
"0hf9149f6i1v19x","MGI:1095412","C57BL","Middle aged adult","IMPC_IMM_040_002","0.6710721"
"0hi37h84jp370ia","MGI:98960","C57BL","E12.5","IMPC_IMM_014_002","0.2978616"
"0hzz62q31897raa","MGI:98386","C57BL","Early adult","MGP_IMM_010_001","0.1091708"
"0i144t573h6gi8a","MGI:1914454","C57BL","E9.5","IMPC_CSD_016_001","0.3668637"
"0i4fgxiv8w05v5x","MGI:2441837","C57BL","E18.5","IMPC_DXA_009_001","0.7551811"
"0i6xck18w8vd70x","MGI:1350930","C57BL","E12.5","IMPC_OFD_007_001","0.6399405"
"0i79947z586y8fx","MGI:1343489","C57BL","Early adult","IMPC_XRY_063_001","0.3324252"
"0i82345e63468ia","MGI:1918142","C57BL","Early adult","IMPC_CBC_018_001","0.922648"
"0i8hiw232k638xx","MGI:1201673","C57BL","Early adult","MGP_CSD_027_001","0.2986692"
"0i9f7o2t189v34x","MGI:1919369","C57BL","Early adult","JAX_LDT_009_001","0.5318481"
"0ibae4g7ac82l8m","MGI:1927241","C57BL","Early adult","JAX_OFD_016_001","0.5617518"
"0iesz56q414259x","MGI:3617846","C57BL","Early adult","ESLIM_021_001_002","0.8602855"
"0igc20qf1h59d1a","MGI:104708","C57BL","E9.5","IMPC_XRY_012_001","0.09934878"
"0inm49bti646k8x","MGI:106637","C57BL","Early adult","ESLIM_008_001_022","0.4041358"
"0iu92n4ps78370m","MGI:1915862","C57BL","E12.5","CCP_XRY_019_001","0.4911326"
"0iur14ljeg56wcm","MGI:95777","129SV","Early adult","IMPC_CBC_024_001","0.09774378"
"0j0g1244009i84a","MGI:97565","C57BL","E12.5","MGP_IMM_052_001","0.6961656"
"0j0klx97z605x6m","MGI:2442704","C57BL","Early adult","JAX_SLW_003_001","0.5872398"
"0j1q46lr3rehi5m","MGI:1914199","C57BL","E18.5","IMPC_EYE_083_001","0.9568879"
"0j2865258885j6x","MGI:1914199","C57BL","E18.5","IMPC_CBC_020_001","0.4953155"
"0j41xo34jgn01kx","MGI:1914199","C57BL","Early adult","MGP_IMM_019_001","0.2776148"
"0j55tkl3ft1zj1m","MGI:1913882","C57BL","Early adult","JAX_LDT_004_001","0.9618179"
"0j82z772yw7pd8a","MGI:1915599","C57BL","Early adult","IMPC_CSD_016_001","0.5873653"
"0jq7n557ozap58x","MGI:1919369","C57BL","E9.5","M-G-P_025_001_005","0.07177372"
"0jsm2pa3193u87m","MGI:1916987","C57BL","E15.5","M-G-P_025_001_001","0.9058117"
"0jz37t250h4fw3x","MGI:1916987","C57BL","E15.5","IMPC_EYE_017_001","0.9511337"
"0jz74ji78ve1x6a","MGI:1914199","C57BL","E12.5","M-G-P_026_001_010","0.7612675"
"0k0ysba2r6t15gm","MGI:109424","C57BL","Early adult","IMPC_GEM_069_001","0.3165534"
"0k323dfd4weh2ha","MGI:95975","C57BL","Early adult","IMPC_EYE_023_001","0.4429591"
"0k3bz94q4q5hsua","MGI:3041190","C57BL","Early adult","IMPC_CSD_025_001","0.7745736"
"0k4p107f128hi4m","MGI:1919369","C57BL","Early adult","IMPC_XRY_033_001","0.4360342"
"0k5d2ez03ivg8ca","MGI:1918142","C57BL","Early adult","M-G-P_016_001_002","0.2040687"
"0k6dn9q74k008ja","MGI:1916330","C57BL","Early adult","CCP_LDT_008_001","0.6198329"
"0k6qnf07ny93jta","MGI:106925","C57BL","Early adult","UCDLA_HEM_002_001","0.5005762"
"0k82uur466eme4a","MGI:2443564","C57BL","E12.5","M-G-P_025_001_005","0.6403495"
"0kt5dr0h5s4584x","MGI:1919880","C57BL","Early adult","IMPC_GEM_069_001","0.5272446"
"0kv59x0e9rkzr0x","MGI:108429","C57BL","Early adult","IMPC_GEM_070_001","0.8071819"
"0l356s6p2mw245x","MGI:2385213","C57BL","Middle aged adult","MGP_MLN_014_001","0.1250658"
"0l49w8s5fo2c4tm","MGI:1095412","C57BL","Late adult","ESLIM_005_001_005","0.4774274"
"0l4z7d7yu98le0x","MGI:98386","C57BL","E9.5","M-G-P_009_001_003","0.4739256"
"0l5g5d372sj6yia","MGI:2679260","C57BL","Early adult","IMPC_CSD_025_001","0.4197592"
"0l78sc9h82n2xkx","MGI:106637","C57BL","E9.5","IMPC_GRS_011_001","0.2049075"
"0l7d4o6zt8r05qx","MGI:2685195","C57BL","Early adult","UCDLA_HEM_002_001","0.6686079"
"0lg6y0evvd8685x","MGI:104899","C57BL","E9.5","MGP_MLN_078_001","0.6939148"
"0lp94fr5q1r750x","MGI:1916413","C57BL","E9.5","IMPC_HEM_037_001","0.1453685"
"0lrgjor0qv3066m","MGI:106925","C57BL","Early adult","IMPC_OFD_013_001","3.558145e-05"
"0ly88wrlf534k8m","MGI:2140361","C57BL","Early adult","HMGULA_DYS_016_001","0.5801533"
"0m19rs9yi5gl4dx","MGI:1919369","C57BL","E9.5","IMPC_CSD_040_002","0.6774134"
"0m531o0zh39859x","MGI:1095412","C57BL","Late adult","MGP_IMM_019_001","0.1671303"
"0m8eioz0j1uklca","MGI:1914199","C57BL","E18.5","IMPC_EYE_088_001","0.1115217"
"0m8nzvd737qasjx","MGI:2443564","C57BL","E9.5","IMPC_CSD_015_001","0.9856168"
"0m94o30n53498cm","MGI:2385213","C57BL","Early adult","CCP_XRY_062_001","0.2235897"
"0mo82376cexv7ja","MGI:88015","C57BL","E15.5","IMPC_GEL_060_001","0.5647817"
"0mw8bpl8222ynrm","MGI:1919300","C57BL","Early adult","JAX_LDT_004_001","0.7310959"
"0n010jjk02963fa","MGI:1923676","C57BL","Early adult","MGP_IMM_007_001","0.8651882"
"0n435yvxczhq6ja","MGI:1927753","C57BL","Early adult","IMPC_XRY_016_001","0.9369469"
"0n5t8ln13ha9b5m","MGI:1350930","C57BL","Early adult","IMPC_CBC_023_001","0.8267538"
"0nc29z3sjw18nba","MGI:2154090","C57BL","Early adult","IMPC_GEO_043_002","0.4474182"
"0ncxa8vz52sj7sx","MGI:2442792","C57BL","Early adult","IMPC_XRY_012_001","0.7457306"
"0nhde18jck65myx","MGI:1913746","C57BL","Early adult","JAX_OFD_014_001","0.6238087"
"0no26183q6132kx","MGI:1922387","C57BL","E9.5","MGP_IMM_127_001","0.9223701"
"0o01uc6i5eyj69a","MGI:107171","C57BL","Early adult","IMPC_GEM_070_001","0.5390696"
"0o05gr8m0z867ma","MGI:2684789","C57BL","Early adult","IMPC_HEM_029_001","0.8691781"
"0o1k058ajf9705m","MGI:1927753","C57BL","Early adult","IMPC_DXA_002_001","0.1166405"
"0o26sx4qi4a7hha","MGI:2444631","C57BL","E15.5","IMPC_CSD_007_001","0.688659"
"0o55saokd570j7m","MGI:102519","C57BL","Early adult","IMPC_IMM_032_002","0.2481734"
"0o61936d42j9zha","MGI:1889549","C57BL","Early adult","IMPC_OFD_007_001","0.2524262"
"0o739s680988zax","MGI:87867","C57BL","Early adult","JAX_HBD_001_001","0.2480771"
"0o762e394798sex","MGI:1095412","C57BL","Early adult","MGP_IMM_011_001","0.3992064"
"0o8xj8kn4pkk74a","MGI:98960","C57BL","Early adult","M-G-P_025_001_001","0.4198268"
"0oa22s8nc7f73wx","MGI:2139018","C57BL","Early adult","CCP_XRY_019_001","0.9988281"
"0obdt8792s878am","MGI:2679260","C57BL","Early adult","IMPC_CBC_016_001","0.2906589"
"0ocrn4d8sy3915x","MGI:1914199","C57BL","Early adult","JAX_LDT_008_001","0.1414669"
"0oe59d817jnk6qa","MGI:1309469","C57BL","E15.5","IMPC_HEM_032_001","0.4327305"
"0oinlw57w93dv9m","MGI:1915599","C57BL","Early adult","IMPC_DXA_004_001","0.4941159"
"0on4lml19mw425x","MGI:98960","C57BL","Early adult","M-G-P_025_001_001","0.1175657"
"0p0eq1e37dl6exa","MGI:1921722","C50BL","Early adult","JAX_LDT_009_001","0.7959031"
"0p43de3avy831dx","MGI:1350926","C52BL","Early adult","CCP_LDT_008_001","0.1846097"
"0p45f23fn8tfe0m","MGI:106925","C57BL","Middle aged adult","JAX_OFD_012_001","0.446024"
"0p49uuj4og84zfx","MGI:2441837","C57BL","Early adult","ESLIM_013_001_004","0.5830536"
"0p4h6h917g5kfmx","MGI:3588216","C57BL","Early adult","IMPC_EYE_070_001","0.4772223"
"0p4v3li668e0d8m","MGI:1914210","C57BL","Early adult","IMPC_CSD_033_001","0.4356596"
"0p6f8tln7p3u0ja","MGI:1095412","C57BL","Early adult","IMPC_ECG_006_001","0.5002963"
"0p761ck91tn2u8x","MGI:101813","C57BL","E9.5","IMPC_CBC_012_001","0.5925408"
"0p8fl264vjazh2a","MGI:97850","C57BL","Early adult","IMPC_FEA_105_001","0.3353451"
"0paiet615612b9m","MGI:2685869","C57BL","Early adult","MGP_MLN_066_001","0.9629662"
"0pbaw40cbd6957x","MGI:1916428","C57BL","Early adult","UCDLA_EYE_083_001","0.1157714"
"0pi342g5rb3952a","MGI:102844","C57BL","Early adult","ESLIM_020_001_002","2.129977e-10"
"0pn21ks3fmhufaa","MGI:1351315","C57BL","Early adult","M-G-P_009_001_003","0.5635794"
"0pt00a14nhzb69m","MGI:3588202","C57BL","Early adult","MGP_IMM_007_001","0.9403885"
"0q20l5c6r5i03zx","MGI:97324","C57BL","Early adult","IMPC_HEM_006_001","0.3994714"
"0q9f1ic8nsmap7a","MGI:2140592","C57BL","Early adult","IMPC_DXA_003_001","0.4452287"
"0q9r7406u79co9a","MGI:106637","C57BL","Early adult","IMPC_HWT_002_001","0.911078"
"0qsbbp11kv2760a","MGI:97898","C57BL","Early adult","UCD_OWT_003_001","0.9242312"
"0qxn31369ji8c0m","MGI:2442177","C57BL","Early adult","CCP_LFO_001_001","0.9022464"
"0qyc9060663w27m","MGI:1913420","C57BL","Early adult","CCP_XRY_062_001","0.5206074"
"0r08qe41lkuiycm","MGI:1921263","C57BL","Early adult","IMPC_GRS_009_001","0.7707044"
"0r2345z14axp0bx","MGI:2685260","C57BL","Early adult","IMPC_GEM_069_001","0.714824"
"0r4oed8c3efn7sa","MGI:97803","C57BL","E12.5","JAX_OFD_022_001","0.158321"
"0r59d7l31e7fu2x","MGI:1332243","C57BL","Early adult","JAX_PLC_004_001","0.3048777"
"0r840a69dvn2orm","MGI:1922423","C57BL","Early adult","IMPC_CAL_017_001","0.5098811"
"0rg0ezp8y6519da","MGI:1201673","C57BL","E9.5","IMPC_ABR_004_001","0.8957423"
"0ri80y5fn51oohx","MGI:1916987","C57BL","E12.5","IMPC_ACS_034_001","0.9564172"
"0rorhj457z3k1zm","MGI:2443925","C57BL","Early adult","JAX_OFD_014_001","0.1843497"
"0rp8eli63tov06a","MGI:1351315","C57BL","E9.5","MGP_IMM_010_001","0.8057939"
"0rr8f7i2a151k1x","MGI:1917120","C57BL","E18.5","IMPC_EYE_064_001","0.2247854"
"0s1g54b9g6si71x","MGI:1916413","C57BL","E9.5","IMPC_DXA_005_001","0.2860818"
"0s291xpsp44vqax","MGI:1916413","C57BL","E9.5","IMPC_GEP_026_001","0.3930227"
"0s4144vn01e1eda","MGI:104708","C57BL","E9.5","ESLIM_011_001_002","0.6567732"
"0s6zjdt2bm6w55m","MGI:97565","C57BL","E9.5","HRWL_OWT_001_001","0.3064401"
"0s78e1bi2sc652a","MGI:1913420","C57BL","Early adult","IMPC_CSD_033_001","0.1920391"
"0sfd3f1h59vw20m","MGI:1309469","C57BL","E12.5","IMPC_HEM_019_001","0.5259785"
"0shlxc807x7o42m","MGI:109424","C57BL","Early adult","IMPC_CSD_005_001","0.8350714"
"0si094x2w2epjma","MGI:2444508","C57BL","Early adult","IMPC_HEM_038_001","0.5363426"
"0siey0r4tt7483a","MGI:2387617","C57BL","Early adult","IMPC_EYE_068_001","0.9892487"
"0sj7x6sg7oeb37x","MGI:102844","C57BL","Early adult","IMPC_HEM_003_001","0.4125754"
"0sxg50ri2kxn6nx","MGI:1923953","C57BL","Early adult","IMPC_EYE_012_001","0.7024822"
"0t5u2whgb8hz3fa","MGI:1922423","C57BL","Early adult","KMPCLA_GRS_011_001","0.7608204"
"0t6n21w5167030a","MGI:106637","C57BL","E9.5","IMPC_CBC_002_001","0.9003205"
"0t73z7m4oaxr2ka","MGI:2140361","C57BL","E18.5","ESLIM_016_001_007","0.8757561"
"0tfeqq9svnp9ykm","MGI:1923304","C57BL","Early adult","IMPC_HEM_019_001","0.1063782"
"0tw6h8dt653hf2x","MGI:104899","C57BL","Early adult","MGP_IMM_108_001","0.1984933"
"0tzv0466w322i3a","MGI:108429","C57BL","E12.5","IMPC_CBC_003_001","0.9294091"
"0u45364aws7q61x","MGI:104793","C57BL","Early adult","IMPC_GRS_010_001","0.5643023"
"0u6y54b9ryc6o5a","MGI:1931054","C57BL","Early adult","JAX_SLW_013_001","0.3385767"
"0u7960ap0u6b7zm","MGI:97850","C57BL","Early adult","IMPC_IMM_014_002","0.4111109"
"0uoaf5de445yrya","MGI:1927580","C57BL","Early adult","MGP_IMM_079_001","0.5655698"
"0up48h31495vwea","MGI:3576049","C57BL","Early adult","MGP_IMM_083_001","0.907521"
"0uto57o6q4a58na","MGI:1096385","C57BL","Middle aged adult","MGP_IMM_077_001","0.2946006"
"0v3f7szmfv89s8a","MGI:1346342","C57BL","Early adult","IMPC_GPO_002_001","0.6192496"
"0v59ab88di74mmm","MGI:1927241","C57BL","Early adult","IMPC_GRS_010_001","0.5470079"
"0v61al1bro4vk4m","MGI:2385213","C57BL","Late adult","IMPC_CSD_061_001","0.7330816"
"0vn44mjjp839rjm","MGI:3588216","C57BL","Early adult","CCP_XRY_001_001","0.5684368"
"0vpku842j4p8g3a","MGI:1891259","C57BL","Early adult","IMPC_GEL_063_001","0.5605914"
"0vyxacz1l74gcra","MGI:108429","C57BL","Early adult","MGP_IMM_127_001","0.5512868"
"0w2c1x23751wprx","MGI:2685260","C57BL","Early adult","MGP_IMM_009_001","0.7778038"
"0w2e8a516df2qia","MGI:106637","C57BL","E9.5","IMPC_OFD_012_001","0.7961556"
"0w40p92i7p9s1oa","MGI:1337072","C57BL","Late adult","IMPC_CSD_061_001","0.2472121"
"0w5u7r748ei538x","MGI:1346086","C57BL","Early adult","MGP_CSD_008_001","0.2784129"
"0w6d48p86305s1x","MGI:102519","C57BL","E15.5","MGP_PBI_015_001","0.1613854"
"0wg6u50fc7667hm","MGI:1915247","C57BL","E9.5","IMPC_CBC_013_001","0.5293128"
"0wi8u7rp7t8cn3m","MGI:1341907","C57BL","Early adult","MGP_IMM_013_001","0.8540598"
"0wjtdf0fpwq22fx","MGI:98960","C57BL","E15.5","IMPC_IPG_012_001","0.1127016"
"0wqa146j1uh90pa","MGI:104793","C57BL","Early adult","IMPC_GEO_019_001","0.9696556"
"0wr9j3o9at64z3x","MGI:1915862","C59BL","E18.5","IMPC_GEM_019_001","0.1484322"
"0wyiut2r8320l8a","MGI:87867","C57BL","Early adult","IMPC_OFD_050_001","0.9742884"
"0x3ula9pxi8182x","MGI:1923304","C57BL","Early adult","IMPC_CSD_006_001","0.06372258"
"0x517zw8z0i119x","MGI:2444681","C57BL","Early adult","IMPC_CBC_023_001","0.4059363"
"0x5503j0r42v13x","MGI:2443564","C57BL","E18.5","JAX_OFD_050_001","0.9419525"
"0x6861d9or608ox","MGI:1919128","C57BL","Early adult","MGP_MLN_076_001","0.3942577"
"0x91hlor8j0s6aa","MGI:1918142","C57BL","Early adult","UCDLA_HEM_002_001","0.9677075"
"0xgzk172wgq474m","MGI:98386","C57BL","E9.5","IMPC_CBC_013_001","0.1284962"
"0xkgtv68m607n0m","MGI:1913746","C57BL","Early adult","JAX_ROT_002_001","0.7856844"
"0xoa95xh49wc68a","MGI:1921607","C57BL","Early adult","ESLIM_020_001_002","0.9222536"
"0y053g875uorelm","MGI:3576049","C57BL","Early adult","IMPC_GEO_017_002","0.1788115"
"0y0k02l465z11wa","MGI:1920199","C57BL","E18.5","IMPC_OFD_011_001","0.4320602"
"0y2p424i473l2im","MGI:1919369","C57BL","E9.5","IMPC_XRY_027_001","0.06986615"
"0y3b4934s1203cx","MGI:2384297","C57BL","E12.5","IMPC_GEL_011_001","0.6593767"
"0y3rk747zeyu70m","MGI:2444631","C57BL","E15.5","IMPC_GEM_069_001","0.5068005"
"0y55o498wom59fm","MGI:1919128","C57BL","Early adult","M-G-P_026_001_003","0.8147652"
"0y5618m00f2j66m","MGI:97850","C57BL","Early adult","UCDLA_HEM_002_001","0.0722159"
"0y838p23wvv1d9x","MGI:101813","C57BL","Early adult","IMPC_IPG_010_001","0.9802191"
"0y8pa719ti566vx","MGI:1309469","C57BL","E15.5","IMPC_HEM_008_001","0.3691458"
"0ya332r6mf8covx","MGI:2685195","C57BL","Early adult","IMPC_CBC_025_001","0.6909561"
"0yc4200anav50ba","MGI:2153070","C57BL","Early adult","MGP_MLN_078_001","0.2057633"
"0ycfe223o555t3a","MGI:1919369","C57BL","E9.5","CCP_LDT_004_001","0.07876831"
"0yf62x4c8m1l85m","MGI:2158201","C57BL","Early adult","IMPC_XRY_023_001","0.0854867"
"0yhk48drv55529m","MGI:97324","C57BL","Early adult","IMPC_CBC_015_001","0.8875533"
"0yqy3a41u481w2x","MGI:3611233","C57BL","Early adult","IMPC_CBC_014_001","0.4870158"
"0yv56dzsjh49h7m","MGI:2385213","C57BL","Late adult","IMPC_CSD_005_001","0.3621844"
"0z03r847t95t26m","MGI:97565","C57BL","Early adult","IMPC_EYE_092_001","0.6173981"
"0z20520u5qy2uza","MGI:1919300","C57BL","Early adult","IMPC_XRY_033_001","0.7400456"
"0z32aubhk94n82m","MGI:104559","C57BL","Early adult","IMPC_DXA_007_001","0.7811353"
"0z70z7m407jdu4m","MGI:1927753","C57BL","E15.5","MGP_IMM_077_001","0.7347005"
"0z7wn5h8mk4pl7a","MGI:2385213","C57BL","Late adult","JAX_SLW_003_001","0.5191794"
"0zp620zy284l4wm","MGI:1927753","C57BL","Early adult","IMPC_HEM_004_001","0.2051965"
"10106x000bqczem","MGI:2654325","C57BL","Early adult","MGP_MLN_076_001","0.3946984"
"1016dx1w4j2ws8a","MGI:1923304","C57BL","Early adult","MGP_IMM_086_001","0.8658585"
"10195uv5daf2m6a","MGI:106637","C57BL","Early adult","MGP_MLN_079_001","0.974508"
"101sfuuhf4lybla","MGI:97324","C57BL","Early adult","UCDLA_CSD_012_001","0.2582658"
"102193mrvc6dnga","MGI:1915599","C57BL","Early adult","CCP_XRY_020_001","0.7155781"
"103r2g445838j9a","MGI:1914199","C57BL","E12.5","IMPC_GEM_029_001","0.1823368"
"10446qq0637j96a","MGI:1201673","C57BL","E9.5","MGP_MLN_115_001","0.4214263"
"10633i32v82977m","MGI:1916428","129SV","Early adult","IMPC_EYE_024_001","0.334089"
"106s3b1b7nn5x7m","MGI:107363","C57BL","Early adult","IMPC_OFD_019_001","0.2167843"
"106x85160ae01nx","MGI:1923953","C57BL","Early adult","MGP_MLN_066_001","0.5200642"
"106xa8zk4b9386m","MGI:1927753","C57BL","E15.5","IMPC_HEM_029_001","0.9792219"
"1078gx7bhfa05pm","MGI:1341898","C57BL","Early adult","M-G-P_025_001_005","0.3622665"
"1079t3g1h23d64a","MGI:2385213","C57BL","Late adult","IMPC_EYE_082_001","0.3938943"
"107pewvbbhbp6ca","MGI:1916330","C57BL","Early adult","IMPC_DXA_004_001","0.2279314"
"1083xuyz3zkkq9x","MGI:2448514","C57BL","Early adult","IMPC_CSD_015_001","0.9941163"
"10883m0cz5v8d9m","MGI:1919471","C57BL","Early adult","IMPC_CBC_005_001","0.4656688"
"108s36b83fkl6fm","MGI:1913692","C57BL","Early adult","JAX_OFD_020_001","0.3631378"
"10928m2om0hyvnm","MGI:1921735","C57BL","Early adult","IMPC_ABR_012_001","0.296197"
"10994617g3521dm","MGI:101770","C57BL","Early adult","IMPC_GEM_019_001","0.8717588"
"109i3f4wf16umax","MGI:2441837","C57BL","E18.5","IMPC_CBC_025_001","0.9302523"
"10a266t330438em","MGI:95975","C57BL","Early adult","M-G-P_005_001_003","0.2049722"
"10a39ydle79q80m","MGI:104899","C57BL","E9.5","IMPC_OFD_021_001","0.6353976"
"10am6n7kl5lv59a","MGI:2442704","C57BL","Early adult","JAX_OFD_017_001","0.7469031"
"10at73j4nrq2i2x","MGI:98397","129SV","Early adult","IMPC_CBC_012_001","0.5533782"
"10d1h063917645a","MGI:1919084","C57BL","Early adult","IMPC_HEM_037_001","0.2823578"
"10j87vx79og3q4a","MGI:1917120","C57BL","E18.5","IMPC_XRY_022_001","0.6080441"
"10k82cfd7bg28ta","MGI:2684789","C57BL","Early adult","MGP_MLN_011_001","0.4289863"
"10mjm99fdh94knx","MGI:3606212","C57BL","Early adult","MGP_CSD_027_001","0.1315181"
"10o4i0z09i1t15a","MGI:2444508","C57BL","E15.5","IMPC_OFD_014_001","0.5807512"
"10tje41ymi35k0x","MGI:1917770","C57BL","Early adult","IMPC_ABR_004_001","0.3096981"
"1100b9y006sxdyx","MGI:107674","C57BL","Early adult","IMPC_HEM_038_001","0.414515"
"112ofuls94128cx","MGI:1923304","C57BL","Early adult","IMPC_DXA_008_001","0.4315021"
"11391j95581d7sx","MGI:1309469","C57BL","E15.5","IMPC_CSD_025_001","0.5976438"
"114100fj4zk68oa","MGI:1890510","C57BL","Early adult","IMPC_DXA_006_001","0.5985954"
"1142o7zq51er60a","MGI:98960","C57BL","Early adult","IMPC_CAL_017_001","0.3806586"
"114886b2lt6exfm","MGI:2384297","C57BL","E9.5","JAX_OFD_009_001","0.2181865"
"114h48mwau679vm","MGI:1926106","C57BL","Early adult","MGP_PBI_009_001","0.5678827"
"114t38r3891q1vx","MGI:97565","C57BL","Early adult","IMPC_CSD_025_001","0.306437"
"114uah8n34r9wzm","MGI:97803","C57BL","E15.5","MGP_IMM_010_001","0.2696894"
"115yy36d2gkf6bm","MGI:1913721","C57BL","Early adult","MGP_MLN_115_001","0.7163055"
"117h881m1r0dy3m","MGI:109424","C57BL","Early adult","IMPC_CSD_079_001","0.8430131"
"11882tn2f87xv3a","MGI:1913790","129SV","Early adult","IMPC_ECG_028_001","0.5289449"
"118x90x4059098m","MGI:2443564","C57BL","E18.5","IMPC_GEM_025_002","0.09134023"
"119asywm1rxg76x","MGI:1922387","C57BL","E9.5","IMPC_OFD_021_001","0.5462195"
"119f9sgp6739tcm","MGI:104793","C57BL","Early adult","MGP_MLN_079_001","0.2595416"
"11cr8h23bj3i8vx","MGI:2685195","C57BL","Early adult","ESLIM_011_001_002","0.9337051"
"11d68j2f9j0smqm","MGI:2444631","C57BL","E12.5","IMPC_GEO_043_002","0.6508001"
"11drj0z04pq993a","MGI:1927753","C57BL","Early adult","IMPC_EYE_088_001","0.6192319"
"11dry37gbil902a","MGI:2445096","C57BL","Early adult","IMPC_CSD_037_001","0.6807993"
"11f5en48jb5d69x","MGI:1918066","C57BL","Early adult","IMPC_ECH_018_001","0.1137948"
"11gqk5a57l8vm3x","MGI:1915282","C57BL","Early adult","IMPC_OFD_021_001","0.6030688"
"11h3rk12i0941ya","MGI:1350926","C57BL","Early adult","IMPC_CBC_017_001","0.1541018"
"11jk69y0po371tx","MGI:97565","C57BL","E9.5","IMPC_CSD_041_002","0.1482029"
"11k4tvic74sl3wx","MGI:1913790","C57BL","Early adult","MGP_IMM_004_001","0.1913227"
"11q2b799qi9ngix","MGI:3590554","C57BL","Early adult","MGP_IMM_011_001","0.1058655"
"11q5m0979h425sm","MGI:3650206","C57BL","Early adult","MGP_IMM_006_001","0.1293033"
"11q64c3150y7oca","MGI:1917770","C57BL","Early adult","MGP_IMM_013_001","0.8181753"
"11rmu601h513koa","MGI:3649135","C57BL","Early adult","JAX_OFD_017_001","0.8069032"
"11v05ajvs6snl2a","MGI:104899","C57BL","E9.5","JAX_OFD_007_001","0.7415616"
"11wf3r5b694yb3a","MGI:107191","C57BL","Early adult","IMPC_EYE_061_001","0.06327715"
"12004p0820u6vxa","MGI:3606212","C57BL","Early adult","IMPC_GEO_064_001","0.3425343"
"1200s2y8v36792m","MGI:2138198","C57BL","Early adult","JAX_OFD_022_001","0.2787287"
"120259h5195nkhx","MGI:1924955","C57BL","Early adult","CCP_LDT_004_001","0.941269"
"1207dqu5x09p40m","MGI:1913882","C57BL","Early adult","IMPC_GEM_075_001","0.1409493"
"121qke3h3v8040x","MGI:1351315","C57BL","Early adult","ESLIM_011_001_003","0.4783291"
"1222h34h3580g3m","MGI:3650206","C57BL","Early adult","ESLIM_021_001_002","0.1042413"
"1225ni0y6w472cm","MGI:1919051","C57BL","Early adult","MGP_MLN_076_001","0.8316915"
"1226l9v4vx966va","MGI:1915599","C57BL","Early adult","IMPC_CBC_001_001","0.9600968"
"1228wfl93s6do8a","MGI:1095412","C57BL","Early adult","CCP_XRY_031_001","0.9870447"
"122s702wbr0eh4a","MGI:1916987","C57BL","E12.5","IMPC_GRS_010_001","0.6925274"
"1244ds6x93c14gx","MGI:107191","C57BL","Early adult","IMPC_DXA_005_001","0.5395488"
"1246hm55xn47w0m","MGI:1916987","C57BL","E15.5","IMPC_GRS_009_001","0.3136928"
"12548y5r5qv986x","MGI:2677271","C57BL","Early adult","MGP_IMM_116_001","0.4321807"
"125fpme813mwhqa","MGI:1924265","C57BL","Early adult","IMPC_CSD_030_001","0.7384785"
"12636ev59flstba","MGI:2444631","C57BL","E12.5","IMPC_CBC_002_001","0.5482114"
"126j0y02l24zq9a","MGI:104708","C57BL","E9.5","IMPC_ECG_003_001","0.457016"
"126vsfnl608ddna","MGI:1916987","C57BL","E15.5","KMPCLA_GRS_010_001","0.1967715"
"127024nfe13990m","MGI:1918066","C57BL","Early adult","CCP_XRY_005_001","0.1544156"
"1275j40md6nx0bm","MGI:2385213","C57BL","Early adult","MGP_MLN_014_001","0.5062928"
"127akqpj670o3px","MGI:1350930","C57BL","Early adult","IMPC_CBC_001_001","0.9478496"
"12802vs428176da","MGI:1919051","C57BL","Early adult","IMPC_OFD_016_001","0.680873"
"1281i71r87v145a","MGI:1923073","C57BL","Early adult","CCP_XRY_004_001","0.2782802"
"12859d7p1y8v7tx","MGI:2135283","C57BL","Early adult","IMPC_GEP_017_001","0.1304617"
"128ob98j383opta","MGI:1349164","C57BL","Early adult","CCP_XRY_062_001","0.1388028"
"12au980j5fa0v7m","MGI:1095412","C57BL","Early adult","IMPC_IMM_032_002","0.4846429"
"12b87j13k2947ra","MGI:1201673","C57BL","E9.5","IMPC_EYE_068_001","0.4947482"
"12bj79z2d3xb8bx","MGI:2385213","C57BL","Middle aged adult","IMPC_XRY_063_001","0.807811"
"12cf043z6685z4m","MGI:1918142","C57BL","Early adult","MGP_PBI_009_001","0.4436921"
"12fw4q3mf6bdwtx","MGI:1921735","C57BL","Early adult","IMPC_GEO_015_001","0.9931864"
"12gq3w1g5q2r8ta","MGI:1917770","C57BL","Early adult","M-G-P_026_001_003","0.694687"
"12hc2tb4195b9fx","MGI:2676312","C57BL","Early adult","IMPC_CBC_001_001","0.9077374"
"12j57w739216ldm","MGI:1098604","C57BL","Early adult","IMPC_EYE_003_001","0.2958813"
"12jmucso440rc0x","MGI:97565","C57BL","E9.5","IMPC_GEM_070_001","0.3350869"
"12k9w3p3l86pr6a","MGI:2385213","C57BL","Middle aged adult","JAX_LDT_008_001","0.8784945"
"12m85segc1g43ra","MGI:1914542","C57BL","Early adult","IMPC_CSD_014_001","0.3304473"
"12nynhlw1cx0gua","MGI:107674","C57BL","Early adult","IMPC_CBC_004_001","0.8919275"
"12o2sei088i1jhm","MGI:107191","C57BL","Early adult","IMPC_GRS_010_001","0.9348993"
"12q7646z4m3554m","MGI:1350930","C57BL","E9.5","IMPC_OFD_012_001","0.3794327"
"12qx9d97mrm4p2m","MGI:98397","C57BL","Early adult","IMPC_EYE_065_001","0.5102281"
"12s6optx07k7fnx","MGI:97565","C57BL","Early adult","MGP_IMM_019_001","0.8822697"
"12u254853p038pa","MGI:1350930","C57BL","E12.5","IMPC_IPG_010_001","0.9363435"
"12y5v1987g73h5m","MGI:3045320","C57BL","Early adult","JAX_LDT_003_001","0.836332"
"130952n7y7ypzqx","MGI:1859866","C57BL","E12.5","ESLIM_011_001_002","0.629944"
"13154izy94xh9um","MGI:1922423","C57BL","Early adult","CCP_XRY_004_001","0.6217416"
"133l9u2pd44vd6a","MGI:2140361","C57BL","Early adult","IMPC_ECG_004_001","0.2991767"
"1368xwp051oye4m","MGI:1914210","C57BL","Early adult","MGP_IMM_052_001","0.1361533"
"136eh5b707p675a","MGI:99218","C57BL","Early adult","IMPC_FEA_003_001","0.9228694"
"138p39u8r94v6cx","MGI:2676312","C57BL","E18.5","IMPC_HEM_003_001","0.06271728"
"138rj4iy24qe07m","MGI:2158201","C57BL","Early adult","IMPC_CBC_005_001","0.8301091"
"13b447wl386tg5m","MGI:106925","C57BL","Late adult","IMPC_EYE_003_001","0.1020165"
"13b5cj605kjfh6m","MGI:101813","C57BL","Early adult","IMPC_CSD_040_002","0.9022041"
"13d252vx8yt5ica","MGI:2443564","C57BL","E12.5","ESLIM_015_001_004","0.3654595"
"13f8kg77lx5s3oa","MGI:2385213","C57BL","Early adult","MGP_IMM_011_001","0.2737627"
"13g5mub9r8yo4aa","MGI:2443805","C57BL","Early adult","IMPC_ACS_037_001","0.7995246"
"13h57708232ttcx","MGI:1921607","C57BL","Early adult","UCD_OWT_029_001","0.4222624"
"13i9rj7xg4j8msa","MGI:1926106","C57BL","Early adult","ESLIM_020_001_004","0.7228101"
"13m5wf0s8burcbm","MGI:2445096","C57BL","Early adult","ESLIM_005_001_005","0.3400448"
"13m8c8iw0y861xa","MGI:106637","C57BL","E9.5","IMPC_HWT_002_001","0.7146863"
"13nf15zni131nlm","MGI:2441837","C57BL","Early adult","IMPC_OFD_012_001","0.9263592"
"13tl7k5g9oe32im","MGI:2444631","C57BL","Early adult","IMPC_XRY_027_001","0.4797915"
"13v37962jpbn17x","MGI:102844","C57BL","Early adult","ESLIM_021_001_005","0.8509901"
"13w499jn8y4144a","MGI:107363","C57BL","E18.5","IMPC_CBC_006_001","0.9280501"
"13w4y4r6043jnvm","MGI:1920199","C57BL","Early adult","IMPC_CSD_036_001","0.3107446"
"13wk27e16159uha","MGI:98386","C57BL","E9.5","IMPC_XRY_063_001","0.157809"
"1400385gjo3896m","MGI:95777","129SV","Early adult","IMPC_GEM_025_002","0.9013863"
"141755a6f57y71a","MGI:107363","C57BL","E9.5","MGP_IMM_130_001","0.3320006"
"141aa2e9527u80m","MGI:3590554","C57BL","Early adult","IMPC_CSD_014_001","0.1085565"
"141g95x6l7eoo6m","MGI:2677271","C57BL","Early adult","MGP_CSD_068_001","0.8357568"
"141x9ow09467fha","MGI:103300","C57BL","Early adult","JAX_HBD_001_001","0.3458721"
"1423fo2m3byf2mm","MGI:1914454","C57BL","Early adult","MGP_IMM_007_001","0.7854664"
"1439p40x2m56t9a","MGI:99218","C57BL","Early adult","CCP_XRY_062_001","0.07968266"
"143j003r168k8qa","MGI:1926106","C57BL","Early adult","IMPC_CBC_008_001","0.8323955"
"1442yhr3hb883ox","MGI:2443100","C57BL","Early adult","M-G-P_025_001_005","0.4782589"
"145505s3gqfo2mx","MGI:1921263","C57BL","Early adult","IMPC_CSD_024_001","0.8291832"
"1469162mol0rw5x","MGI:107191","C54BL","Early adult","MGP_IMM_128_001","0.6237332"
"146mdtzmvoh3qyx","MGI:97565","C57BL","Early adult","IMPC_CBC_005_001","0.3785204"
"1478a8l7a04v92a","MGI:1917120","C57BL","Early adult","ESLIM_005_001_701","0.2580332"
"1482q99i7fd928x","MGI:3576049","C57BL","Early adult","MGP_MLN_078_001","0.8597944"
"14888e490yq1etx","MGI:2444631","C57BL","E15.5","IMPC_XRY_006_001","0.06973749"
"1488w0t66c6p9qa","MGI:1916987","C57BL","Early adult","MGP_IMM_083_001","0.5940664"
"1495n015640jtim","MGI:1916330","C57BL","Early adult","UCDLA_EYE_083_001","0.2760842"
"14ax2m3132d872a","MGI:1860511","C57BL","Early adult","IMPC_EYE_069_001","0.9369347"
"14b2jc8mw22mr7x","MGI:2679420","C57BL","Early adult","IMPC_CSD_030_001","0.2270251"
"14bgze2s07u46ra","MGI:2444824","C57BL","Early adult","IMPC_GEP_005_002","0.1970049"
"14f8885i8z4s84x","MGI:2140259","C57BL","Early adult","MGP_IMM_013_001","0.4212204"
"14g9wf1o3jfg6ma","MGI:2153070","C57BL","Early adult","IMPC_EYE_064_001","0.1804909"
"14gxns7djs255mm","MGI:1927753","C57BL","Early adult","JAX_OFD_009_001","0.172445"
"14h11803k87z1ox","MGI:107674","C57BL","Early adult","CCP_XRY_004_001","0.8322341"
"14jhjtdo621a4zx","MGI:97324","C57BL","Early adult","IMPC_HEM_005_001","2.345439e-05"
"14n74i00a5k7d1m","MGI:97803","C57BL","E9.5","IMPC_GRS_010_001","0.6610879"
"14nz9t59c26643x","MGI:101813","C57BL","Early adult","MGP_IMM_086_001","0.6814163"
"14pgwb72jhwis7x","MGI:1096385","C57BL","Late adult","IMPC_CSD_029_001","0.4886278"
"14thwu837m8k77x","MGI:1913721","C57BL","Early adult","ESLIM_011_001_005","0.6170878"
"14xt23g1397j48a","MGI:87879","C57BL","Early adult","MGP_IMM_076_001","0.4129635"
"14yfq12a91aia7x","MGI:1098604","C57BL","Early adult","ESLIM_005_001_701","0.469748"
"1513943t394146x","MGI:1914199","C57BL","Early adult","MGP_MLN_018_001","0.6970273"
"151a3u9zcn1801m","MGI:2384297","C57BL","Early adult","IMPC_CSD_014_001","0.9590291"
"151huy289qsnybm","MGI:107674","C57BL","Early adult","IMPC_ECG_014_001","0.4406266"
"1525oi7506jxcba","MGI:1346086","C57BL","Early adult","MGP_CSD_008_001","0.7135637"
"1526lye54qsjg3m","MGI:2681832","C57BL","Early adult","IMPC_CSD_041_002","0.1994778"
"15345vip46jnvfx","MGI:1919369","C57BL","E9.5","MGP_IMM_126_001","0.6063027"
"1541h110j7j26ta","MGI:1924467","C57BL","Early adult","IMPC_XRY_033_001","0.3217672"
"1545zhg080lndem","MGI:2444508","C57BL","Early adult","IMPC_HEM_030_001","0.8390431"
"154ash06oo46f6a","MGI:2444391","C57BL","Early adult","ESLIM_008_001_022","0.1272455"
"155fwoz9k3d897m","MGI:1351315","C57BL","E9.5","IMPC_DXA_008_001","0.894999"
"155g3a49d985jha","MGI:1913746","C57BL","Early adult","IMPC_CBC_020_001","0.2060705"
"156j4z97t18747m","MGI:1353665","C57BL","Early adult","ESLIM_013_001_004","0.8112209"
"159605yr3a22u3a","MGI:97850","C57BL","Early adult","CCP_XRY_061_001","0.0944305"
"159sz6wbw418eux","MGI:97565","C57BL","E12.5","IMPC_OFD_021_001","0.7926665"
"15b425xausi4r0x","MGI:1350930","C57BL","E12.5","IMPC_EYE_023_001","0.6145449"
"15f099d77o508vx","MGI:2444631","C57BL","Early adult","IMPC_GEO_064_001","0.2679445"
"15f5p80s81s27dm","MGI:2140259","C57BL","Early adult","MGP_IMM_076_001","0.9261569"
"15f7g8076vr423x","MGI:2676312","C57BL","Early adult","IMPC_XRY_023_001","0.8536833"
"15gy491fgl0u1gm","MGI:1919051","C57BL","Early adult","CCP_XRY_062_001","0.6351669"
"15ih5n3545w1l6x","MGI:3646006","C57BL","Early adult","JAX_PLC_004_001","0.8150471"
"15j5pvrjk3io1xa","MGI:2384297","C57BL","E12.5","IMPC_CBC_015_001","0.638482"
"15joz3wm317e70x","MGI:1920484","C57BL","Early adult","MGP_MLN_015_001","0.461412"
"15k76g4ncki170x","MGI:1921735","C57BL","Early adult","CCP_XRY_004_001","0.6898114"
"15l9rqe1um6399a","MGI:2151053","C57BL","Early adult","MGP_CSD_027_001","0.2768573"
"15m7l53x475g95m","MGI:1922423","C57BL","Early adult","IMPC_GEO_017_002","0.3699605"
"15oq106nm93670m","MGI:1201673","C57BL","Early adult","IMPC_FEA_003_001","0.4432819"
"15oz83376t5176a","MGI:3650206","C57BL","Early adult","IMPC_EYE_092_002","0.3427935"
"15pr6m8d9z2560a","MGI:1924232","C57BL","Early adult","IMPC_HEM_031_001","0.9835894"
"15r47p0lch4807m","MGI:1278321","C57BL","Early adult","IMPC_CSD_041_002","0.6412936"
"15r57j1pm17t73a","MGI:1918142","C57BL","Early adult","MGP_MLN_003_001","0.3058855"
"15t542l9nk31x0x","MGI:2140050","C57BL","E9.5","MGP_IMM_127_001","0.1525652"
"15xm1528khnbofx","MGI:1309469","C57BL","Early adult","M-G-P_025_001_005","0.208461"
"15y281o9310wuax","MGI:1353435","C57BL","Early adult","IMPC_HEM_037_001","0.7186832"
"1603hrxt1j8zfox","MGI:1927753","C57BL","E12.5","UCDLA_EYE_083_001","0.7017097"
"1610205l8fdo3xx","MGI:101784","C57BL","Early adult","IMPC_GEL_027_001","0.3789146"
"162223lb5ho87xa","MGI:107363","C57BL","E9.5","ESLIM_015_001_004","0.8488772"
"162o228v574it7m","MGI:2441837","C57BL","Early adult","IMPC_XRY_006_001","0.5422067"
"16334f1sewg2tex","MGI:1915862","C57BL","E12.5","IMPC_CBC_018_001","0.08509226"
"1637d20935cti1m","MGI:97565","C57BL","E12.5","IMPC_HWT_002_001","0.6464639"
"163se205qt11n8a","MGI:3045320","C57BL","Early adult","M-G-P_026_001_010","0.4269704"
"1646c32k187c9ta","MGI:1915862","C57BL","E18.5","IMPC_IMM_040_002","0.7221093"
"1657m028773jgqm","MGI:1920199","C57BL","E12.5","MGP_IMM_086_001","0.278994"
"165ar37z2i22nxx","MGI:105383","C57BL","Early adult","IMPC_FEA_003_001","0.7556026"
"166960rwt5ozycm","MGI:2442704","C57BL","Early adult","IMPC_GEM_068_001","0.1651716"
"167o77o24fpghqx","MGI:101784","C57BL","Early adult","IMPC_EYE_003_001","0.5599266"
"16860f8331655nm","MGI:2138198","C57BL","Early adult","IMPC_FEA_003_001","0.09472511"
"1689t273133n87x","MGI:1916987","C57BL","E15.5","IMPC_XRY_063_001","0.8106443"
"168sfmqlhvuaq2m","MGI:101813","C57BL","Early adult","IMPC_GEL_060_001","0.8671597"
"169dywe1s7lqu4a","MGI:1916732","C57BL","Early adult","IMPC_XRY_022_001","0.6881936"
"16b76un1a299rem","MGI:3650206","C57BL","Early adult","JAX_LDT_002_001","0.06166193"
"16d4s582rg25bja","MGI:103300","C57BL","Early adult","IMPC_EYE_068_001","0.9166186"
"16eh3o193xfcd6x","MGI:1921607","C57BL","Early adult","IMPC_XRY_012_001","0.08023867"
"16fj3127x0r081x","MGI:104688","C57BL","Early adult","IMPC_HWT_002_001","0.5107003"
"16fr1b54bt091lx","MGI:2384297","C57BL","Early adult","ESLIM_005_001_005","0.9545154"
"16i64krz1r61bex","MGI:2444989","C57BL","Early adult","UCDIP_CSD_014_001","0.3051662"
"16j355m4v09q00m","MGI:1201673","C57BL","E12.5","ESLIM_011_001_002","0.1929522"
"16k2l2355mx6z3a","MGI:1921263","C57BL","Early adult","IMPC_CBC_002_001","0.3899253"
"16lg06pc439l8am","MGI:1921722","C57BL","Early adult","IMPC_DXA_003_001","0.126475"
"16mshdhm7ijy88a","MGI:1920199","C59BL","E12.5","IMPC_GEL_011_001","0.09782392"
"16nvrw599x7j9jm","MGI:1309469","C57BL","Early adult","IMPC_ACS_034_001","0.1476033"
"16p166x4661gr0m","MGI:1096385","C57BL","Middle aged adult","MGP_CSD_027_001","0.9785672"
"16p32949pw3z36a","MGI:2443100","C57BL","Early adult","IMPC_GEM_007_001","0.8668437"
"16p3ce6rqfk34ra","MGI:1913420","C57BL","Early adult","UCDLA_CSD_012_001","0.2492477"
"16t0m9285i33fym","MGI:1922387","C57BL","Early adult","ESLIM_008_001_012","0.8733125"
"16t1e0m4g605c2x","MGI:1927753","C57BL","Early adult","IMPC_OFD_013_001","0.06923445"
"16v1l949el8i87a","MGI:1915862","C57BL","E18.5","IMPC_CSD_061_001","0.7169257"
"16v5uzlaxw67a5a","MGI:2442704","C57BL","Early adult","IMPC_HEM_004_001","0.1705775"
"16v87di2355z2qx","MGI:2444508","C57BL","E15.5","CCP_XRY_005_001","0.9717753"
"16w624l5ta6783x","MGI:1918066","C57BL","Early adult","IMPC_CBC_005_001","0.1879073"
"16wl2610hxp573x","MGI:97898","C57BL","Early adult","MGP_IMM_116_001","0.9485641"
"171471550kxi64a","MGI:2685195","C57BL","E9.5","IMPC_CBC_018_001","0.2104304"
"1717m5924be7ylx","MGI:2444631","C57BL","Early adult","IMPC_EYE_070_001","0.2329561"
"171x1914n1rt4qa","MGI:2444631","C57BL","E12.5","IMPC_XRY_021_001","0.9211174"
"1722io7cx5g380m","MGI:1924486","C57BL","Early adult","IMPC_IMM_032_002","0.6271366"
"1726120591zul3x","MGI:1346069","C57BL","Early adult","IMPC_CAL_017_001","0.2836197"
"172gh523zehzm7x","MGI:1920199","C57BL","E12.5","IMPC_ACS_033_001","0.8259907"
"1731u228uob08la","MGI:1920484","C57BL","Early adult","MGP_IMM_040_001","0.3960981"
"174045y3a422szx","MGI:98397","129SV","Early adult","ESLIM_020_001_002","0.2099187"
"174j8170d58ei7m","MGI:1914454","C57BL","Early adult","IMPC_GEP_022_001","0.8734209"
"175m31h7o2l51gx","MGI:1913692","C57BL","Early adult","IMPC_OFD_020_001","0.3186312"
"1766z8815lgdn7x","MGI:99218","C57BL","Early adult","IMPC_GEL_027_001","0.6381218"
"17696f42rje8lzx","MGI:2685869","C57BL","Early adult","IMPC_CSD_061_001","0.8917282"
"176n918uay91ilm","MGI:1201673","C57BL","E9.5","IMPC_CSD_036_001","0.5870352"
"1772rnnm0b5q10a","MGI:2444508","C57BL","E15.5","IMPC_EYE_087_001","0.3626204"
"1776g020d4o6h1m","MGI:1927241","C57BL","E9.5","ESLIM_011_001_004","0.2522058"
"177nkhgsfo6yj8a","MGI:2685195","C57BL","Early adult","IMPC_GEO_017_002","0.3106594"
"177r7x2dn4639um","MGI:104559","C57BL","Early adult","ESLIM_016_001_005","0.9958906"
"17812gr8xysgt4m","MGI:2448514","C57BL","Early adult","HMGULA_DYS_016_001","0.2191541"
"17820c28rkbrk1m","MGI:1353665","C57BL","Early adult","MGP_IMM_128_001","0.831167"
"178gr4kl9447lba","MGI:1916413","C57BL","Early adult","IMPC_CBC_013_001","0.3739549"
"179at2ne7583k8a","MGI:1914454","C57BL","E12.5","ESLIM_011_001_002","0.8974038"
"17d44m64v5mvs1x","MGI:102519","C57BL","E12.5","IMPC_ECG_010_001","0.6113617"
"17d750450r2391m","MGI:1353435","C57BL","Early adult","IMPC_GEL_027_001","0.7120641"
"17ds6k681476k3a","MGI:1922776","C57BL","Early adult","IMPC_GEM_019_001","0.2638804"
"17m6j33xe27b78a","MGI:2443805","C57BL","Early adult","MGP_MLN_012_001","0.49786"
"17n0x87345a9f1a","MGI:1918066","C57BL","Early adult","IMPC_CSD_030_001","0.3716816"
"17s6bb7imp3ydjm","MGI:106925","C57BL","Middle aged adult","IMPC_GEL_058_001","0.6450764"
"17tf7v1225r4v4m","MGI:1860511","C57BL","Early adult","IMPC_CBC_015_001","0.9705637"
"17tg38254oa1ptx","MGI:2676312","C57BL","E18.5","IMPC_OFD_050_001","0.4280825"
"17u3b5myuby6u1x","MGI:1921520","C57BL","Early adult","IMPC_GEL_011_001","0.7366299"
"17uhwu9jn30zmwa","MGI:107674","C57BL","Early adult","IMPC_CBC_009_001","0.7186722"
"17y7wd7n4c3z84a","MGI:1341898","C57BL","Early adult","IMPC_GEP_022_001","0.2779479"
"17zd7l0rbqv679x","MGI:1309469","C57BL","Early adult","IMPC_EYE_088_001","0.5741228"
"1812692miq964nm","MGI:1921722","C57BL","Early adult","IMPC_HEM_001_001","0.4921107"
"182349d0n6tzk3m","MGI:2443564","C57BL","E15.5","MGP_IMM_080_001","0.6394653"
"182y941xrd4545a","MGI:1914210","C57BL","Early adult","IMPC_CBC_005_001","0.2961441"
"183g0lr07iun6ma","MGI:1913692","C57BL","E9.5","MGP_CSD_008_001","0.4217011"
"183oss62m0922fm","MGI:1337072","C57BL","Late adult","IMPC_CBC_017_001","0.1911637"
"183x0k5908gv2om","MGI:109424","C57BL","Early adult","IMPC_IMM_028_002","0.6891206"
"1854348kel7lnox","MGI:2654325","C57BL","Early adult","IMPC_XRY_057_001","0.6106982"
"1854x3hab32vn2m","MGI:1922828","C57BL","Early adult","IMPC_HEM_032_001","0.6626164"
"18599591r37505x","MGI:1923676","C57BL","Early adult","ESLIM_008_001_016","0.7105137"
"185z089jb38wnkm","MGI:98960","C57BL","Early adult","JAX_HBD_001_001","0.857259"
"1864ayc9yc4iy6a","MGI:2677271","C57BL","Early adult","IMPC_CBC_014_001","0.4841956"
"18652dflg44882m","MGI:1913692","C57BL","E9.5","IMPC_GRS_010_001","0.6514621"
"1865m904hg2b5aa","MGI:107363","C57BL","E9.5","IMPC_XRY_021_001","0.5506148"
"186kmotyk9978um","MGI:1916987","C57BL","E12.5","IMPC_XRY_012_001","0.9446969"
"18705pj1yed4x1x","MGI:1919128","C57BL","Early adult","MGP_MLN_075_001","0.4670005"
"187rhw3q03gu5km","MGI:1920199","C57BL","Early adult","IMPC_CSD_030_001","0.1750292"
"1883nv72x4k0cba","MGI:1924256","C57BL","Early adult","ESLIM_013_001_004","0.6329256"
"1886522d607ps0x","MGI:1917120","C57BL","Early adult","IMPC_CSD_032_001","0.3585894"
"188y5739787unha","MGI:2443564","C57BL","E12.5","IMPC_CSD_036_001","0.1098502"
"189177nf933erom","MGI:1914454","C57BL","E12.5","MGP_MLN_075_001","0.4135894"
"18957f93l762txa","MGI:1915862","C57BL","Early adult","KMPCLA_GRS_010_001","0.2427265"
"1896l539880200m","MGI:97850","C57BL","Early adult","ESLIM_015_001_011","0.06790835"
"189g6uxo468hfpx","MGI:1927580","C57BL","Early adult","IMPC_HEM_004_001","0.7216687"
"189w32iabn825lm","MGI:97850","C57BL","Early adult","IMPC_ECH_013_001","0.907332"
"18b3047ufl9cr0x","MGI:2443564","C57BL","Early adult","UCD_OWT_029_001","0.9817191"
"18dj5d692nqgo7a","MGI:1916987","C57BL","Early adult","CCP_XRY_003_001","0.7939008"
"18h9ug6uko564nm","MGI:1353665","C57BL","Early adult","MGP_CSD_008_001","0.3972058"
"18kado1270v2uym","MGI:1913746","C57BL","Early adult","ESLIM_015_001_002","0.9434201"
"18lh2q98w62k0nx","MGI:1919880","C57BL","Early adult","IMPC_HEM_031_001","0.2162341"
"18lu28g9hj25xom","MGI:2685195","C57BL","Early adult","IMPC_IMM_028_002","0.9217623"
"18o7xnrqcgfi83a","MGI:2140259","C57BL","Early adult","ESLIM_008_001_007","0.7136538"
"18plr4a4y810ufx","MGI:1339968","C57BL","Early adult","MGP_IMM_009_001","0.1802822"
"18rz33j495b4x3x","MGI:3588202","C57BL","Early adult","IMPC_HEM_030_001","0.8913558"
"18sg497u1m10lva","MGI:1859866","C57BL","E12.5","IMPC_EYE_027_001","0.8604207"
"18uz454bng1qg7a","MGI:1920199","C57BL","E18.5","JAX_LDT_002_001","0.3927324"
"191168ed9691ysa","MGI:1201673","C57BL","E9.5","IMPC_XRY_019_001","0.6689866"
"191o302051juzhx","MGI:107171","C57BL","Early adult","MGP_IMM_116_001","0.6657961"
"191wc707e94w1oa","MGI:1924817","C57BL","Early adult","JAX_OFD_022_001","0.09599577"
"19470qt3y27o8ix","MGI:107191","C57BL","Early adult","ESLIM_011_001_002","0.5897107"
"19487t7926tuy2a","MGI:1346086","C57BL","Early adult","IMPC_CSD_023_001","0.2980649"
"194lz11q2enx9va","MGI:1351315","C57BL","Early adult","M-G-P_026_001_003","0.4528414"
"195t43k84v5147m","MGI:97565","C57BL","E12.5","IMPC_XRY_033_001","0.6655523"
"196fnsw8bj8499m","MGI:1921263","C59BL","Early adult","IMPC_HEM_005_001","0.5123047"
"196lyr4bmv36mpx","MGI:1890510","C57BL","Early adult","IMPC_GRS_010_001","0.06770778"
"197a5989or46agm","MGI:1919369","C57BL","Early adult","IMPC_HEM_037_001","0.8713923"
"197ou4178zo7h2x","MGI:1922423","C57BL","Early adult","IMPC_HEM_002_001","0.09664575"
"1980048gxy78vfx","MGI:107363","C57BL","E18.5","IMPC_CBC_001_001","0.1252744"
"198kzm1h199ho7a","MGI:2448514","C57BL","Early adult","IMPC_FEA_106_001","0.6971886"
"1995j5tnl9fc78x","MGI:97565","C57BL","E12.5","JAX_ROT_002_001","0.727308"
"1999cuqztsu28gx","MGI:1924817","C57BL","Early adult","IMPC_CBC_014_001","3.403112e-06"
"19bp4g29e278y3m","MGI:2676312","C57BL","E18.5","IMPC_GEM_029_001","0.07926188"
"19lg9roq249v08m","MGI:95777","129SV","Early adult","IMPC_EYE_083_001","0.6321528"
"19md5781h6w8ktx","MGI:2444631","C57BL","E15.5","M-G-P_026_001_003","0.9194759"
"19r9ot73j4io1hm","MGI:1353435","C57BL","Early adult","IMPC_EYE_068_001","0.8258598"
"19tu0b5ex24a8bx","MGI:1860511","C57BL","Early adult","CCP_XRY_004_001","0.561857"
"19u83l4i7pifi3m","MGI:1922387","C57BL","E12.5","IMPC_OFD_010_001","0.7330954"
"19w37g5932o9yna","MGI:103300","C57BL","Early adult","ESLIM_005_001_005","0.7807405"
"19wt83tbpvs01im","MGI:3617846","C57BL","Early adult","IMPC_CSD_024_001","0.6903691"
"19x6478211ha2ra","MGI:2443564","C57BL","E12.5","IMPC_OFD_014_001","0.6281299"
"19zqx01y2x13gqx","MGI:1914199","C57BL","E18.5","MGP_IMM_128_001","0.9095517"
"19zs75c0821c14m","MGI:1914542","C57BL","Early adult","IMPC_OFD_013_001","0.1674366"
"1a04m07ama1vj7a","MGI:98386","C57BL","E9.5","JAX_LDT_002_001","0.2738471"
"1a1783283teu6ha","MGI:2444681","C57BL","Early adult","M-G-P_025_001_005","0.7987898"
"1a225z84ui29yem","MGI:1927753","C57BL","Early adult","IMPC_OFD_020_001","0.5695881"
"1a368297t53e2wx","MGI:1920484","C57BL","Early adult","IMPC_GEO_019_001","0.2163953"
"1au474egzs58b1x","MGI:104899","C57BL","E9.5","IMPC_ABR_012_001","0.6705067"
"1b29u841iv8850x","MGI:1927753","C57BL","E15.5","JAX_PLC_004_001","0.5644783"
"1b3si9j9qg5ko9x","MGI:1919369","C57BL","E9.5","MGP_IMM_077_001","0.4136491"
"1b4ed99hmhf4l8x","MGI:2685195","C57BL","E9.5","MGP_IMM_077_001","0.1680776"
"1b5c2f6336j508m","MGI:1922776","C57BL","Early adult","IMPC_IMM_028_002","0.5702068"
"1b68zzc8738s22m","MGI:1859866","C57BL","E9.5","CCP_XRY_004_001","0.09423866"
"1b87cj26r6bmb4x","MGI:97565","C57BL","Early adult","IMPC_FEA_003_001","0.07618972"
"1b91s635p1sd1wa","MGI:1341907","C57BL","Early adult","JAX_HBD_001_001","0.8606"
"1b9ur89vte170ha","MGI:107363","C57BL","Early adult","IMPC_ECH_012_001","0.5078944"
"1bj9c23aohthclx","MGI:3590554","C57BL","Early adult","IMPC_GEP_005_002","0.8243842"
"1bl557d831hy1yx","MGI:2684789","C57BL","Early adult","ESLIM_020_001_002","0.7078772"
"1bw89y5420423zx","MGI:1341898","C57BL","Early adult","IMPC_CSD_033_001","0.8530477"
"1c05850zr62d0mx","MGI:106925","C57BL","Early adult","IMPC_GEL_058_001","0.3463776"
"1c20219kmw2792x","MGI:1919300","C57BL","Early adult","JAX_HBD_001_001","0.9014667"
"1c211m0157cal0x","MGI:1916987","C57BL","Early adult","IMPC_EYE_023_001","0.6912475"
"1c2cr705p288jya","MGI:3588202","C56BL","Early adult","CCP_XRY_004_001","0.5147733"
"1c2ivo104491edm","MGI:101770","C57BL","Early adult","MGP_IMM_086_001","0.6600564"
"1c5e6ktsn6v71la","MGI:98386","C57BL","Early adult","IMPC_FEA_106_001","0.646405"
"1cbh67h79y3lb3a","MGI:2385213","C57BL","Early adult","IMPC_ECG_010_001","0.893679"
"1cc20310lh2pc5x","MGI:98960","C57BL","E12.5","JAX_LDT_003_001","0.214748"
"1cdx3el8ox6834m","MGI:1924933","C57BL","Early adult","M-G-P_016_001_006","0.5684209"
"1ci7w1t20jvcjoa","MGI:98386","C57BL","E9.5","IMPC_GRS_008_001","0.9120494"
"1ciwfrc00b521va","MGI:95777","129SV","Early adult","IMPC_HEM_027_001","0.1283134"
"1cn596e09459t0a","MGI:107341","C57BL","Early adult","CCP_XRY_020_001","0.7730073"
"1cqu79h4707wtma","MGI:1914210","C57BL","Early adult","CCP_LDT_003_001","0.202969"
"1cu1e99jyxd575m","MGI:1916732","C57BL","Early adult","IMPC_OFD_013_001","0.5899252"
"1d0930ivkps3psm","MGI:1919051","C57BL","Early adult","IMPC_EYE_088_001","0.7552174"
"1d162948l8w182a","MGI:1913423","C57BL","Early adult","IMPC_GEM_075_001","0.1017358"
"1d23djy5336274x","MGI:1922946","C57BL","Early adult","IMPC_OFD_012_001","0.356036"
"1d254e9s50syg8m","MGI:88015","C57BL","E15.5","IMPC_HEM_003_001","0.1243791"
"1d588ek99nr78xm","MGI:1859866","C57BL","Early adult","IMPC_XRY_060_001","0.2382011"
"1d625ffs0o8sdfm","MGI:2140361","C57BL","E18.5","UCDLA_EYE_083_001","0.8792187"
"1d99g693kuy440x","MGI:1920199","C57BL","Early adult","MGP_CSD_026_001","0.171183"
"1dd4p5lxknyr20x","MGI:106637","C57BL","E9.5","IMPC_XRY_033_001","0.9847978"
"1dka7sc69zr9u3x","MGI:97565","C57BL","E9.5","ESLIM_011_001_005","0.4542368"
"1dkh46p91155y0x","MGI:1916428","C57BL","Early adult","ESLIM_008_001_002","0.3720762"
"1dlbx9a90b7pvqm","MGI:1914199","C57BL","E18.5","JAX_HBD_001_001","0.9211662"
"1e28iz4qm38dx9m","MGI:1919471","C57BL","Early adult","IMPC_OFD_013_001","0.5000785"
"1e34947v9i9l91a","MGI:3045320","C57BL","Early adult","IMPC_IMM_032_002","0.5609391"
"1e6kuc0818yc53a","MGI:107341","C57BL","Early adult","IMPC_GRS_010_001","0.2284542"
"1e73rixy5yr86ga","MGI:1309469","C57BL","E12.5","IMPC_IMM_014_002","0.5064764"
"1eb5162nllg004x","MGI:1346086","C57BL","Early adult","IMPC_CSD_023_001","0.2980649"
"1eie59bu6202ucx","MGI:88015","C57BL","Early adult","CCP_XRY_061_001","0.6683464"
"1el3p547802z73x","MGI:1096385","C57BL","Late adult","IMPC_HEM_031_001","0.7395155"
"1em15y9b24zokxm","MGI:2442792","C57BL","Early adult","ESLIM_021_001_005","0.7944066"
"1enlydh9t6ku98x","MGI:1916428","C57BL","Early adult","ESLIM_015_001_004","0.7141345"
"1epep55r490269a","MGI:3617846","C57BL","Early adult","CCP_XRY_019_001","0.1035312"
"1euvm973651enam","MGI:1919084","C57BL","Early adult","MGP_CSD_068_001","0.9680995"
"1ex6d683j456y9m","MGI:2444631","C57BL","E12.5","IMPC_GEO_017_002","0.4569733"
"1ey3t63h2j2gr2a","MGI:2153070","C57BL","Early adult","IMPC_DXA_010_001","0.9299895"
"1ezd29dbag8j92m","MGI:1920199","C57BL","E12.5","MGP_IMM_004_001","0.3799016"
"1f2q2w64430672a","MGI:98960","C57BL","E12.5","MGP_MLN_012_001","0.6603265"
"1f40jeta4gge2hx","MGI:2139461","C57BL","Early adult","IMPC_OFD_022_001","0.544266"
"1fc9kq5xhc93baa","MGI:1919300","C57BL","Early adult","IMPC_GRS_008_001","0.1791136"
"1foq52ifs73m8dm","MGI:97898","C57BL","Early adult","M-G-P_026_001_003","0.9617187"
"1g10fj71252721m","MGI:1095412","C57BL","Early adult","IMPC_GEP_030_002","0.6017967"
"1gb909430z3140m","MGI:3590554","C57BL","Early adult","MGP_IMM_019_001","0.1596012"
"1h27f183625935m","MGI:1919369","C57BL","E9.5","IMPC_CBC_023_001","0.3518725"
"1hcjsu701q6ue1m","MGI:98397","129SV","Early adult","IMPC_XRY_022_001","0.3940247"
"1hd5546v31ud8sa","MGI:97803","C57BL","E12.5","MGP_CSD_008_001","0.4658631"
"1hr90b094zd298m","MGI:101770","C57BL","Early adult","IMPC_GPO_002_001","0.7482478"
"1hzm776fwdd352a","MGI:1343489","C57BL","Early adult","MGP_IMM_005_001","0.2290564"
"1i54503a84z4l7a","MGI:107341","C57BL","Early adult","JAX_OFD_010_001","0.191113"
"1ihs5t9hnnm11ha","MGI:1351315","C57BL","Early adult","JAX_OFD_009_001","0.3544137"
"1it3465e07h44vm","MGI:1923676","C57BL","Early adult","IMPC_HWT_002_001","0.7820551"
"1j4eaqd13z163km","MGI:1347355","C57BL","Early adult","IMPC_IMM_040_002","0.6202942"
"1ji37321k362csa","MGI:2443925","C57BL","Early adult","JAX_LDT_009_001","0.4415124"
"1jo77f4g085n6va","MGI:2684789","C57BL","Early adult","JAX_OFD_016_001","0.2992131"
"1jtr0a9t5qw30km","MGI:88015","C57BL","Early adult","IMPC_EYE_008_001","0.2400157"
"1jv4s1cbvm399oa","MGI:1339968","C57BL","Early adult","MGP_IMM_093_001","0.6888772"
"1k01jzlxy09ujtm","MGI:98960","C57BL","E12.5","IMPC_XRY_006_001","0.9228384"
"1k09rt15m0z739a","MGI:1309469","C57BL","E12.5","IMPC_GEM_025_002","0.1065407"
"1k2j2vn68nam8aa","MGI:1924265","C57BL","Early adult","IMPC_GEP_030_002","0.4641273"
"1k33353df29hola","MGI:1924232","C57BL","Early adult","IMPC_GRS_010_001","0.132297"
"1kc411z6m7z0x1m","MGI:1915862","C57BL","Early adult","IMPC_XRY_022_001","0.1763052"
"1kq3fwg3a19l62a","MGI:1891259","C57BL","Early adult","IMPC_HEM_005_001","0.1942452"
"1kxsv139n3j4c8m","MGI:2443564","C57BL","E12.5","IMPC_XRY_060_001","0.93592"
"1l061us0951yrwm","MGI:1915599","C57BL","Early adult","ESLIM_008_001_016","0.5053524"
"1l5vf3jq9a408cm","MGI:1337072","C57BL","Late adult","CCP_XRY_005_001","0.9274098"
"1l77h406n6zzusa","MGI:1913882","C57BL","Early adult","IMPC_CSD_029_001","0.9137527"
"1lkmdpi0l14284m","MGI:1913420","C57BL","Early adult","IMPC_OFD_022_001","1.45246"
"1lt7b96x502249m","MGI:109424","C57BL","Early adult","M-G-P_025_001_001","0.5481506"
"1lu1187cv011aga","MGI:2444681","C57BL","Early adult","JAX_OFD_022_001","0.05447352"
"1m9zr36b5e13u1a","MGI:1309469","C57BL","E12.5","IMPC_OFD_007_001","0.5381204"
"1mw275jr0l5k2jm","MGI:3611233","C57BL","Early adult","MGP_IMM_128_001","0.5236906"
"1n4sd0p0085ydqa","MGI:1916428","129SV","Early adult","ESLIM_005_001_004","0.775622"
"1n704293o6c5d2m","MGI:1916732","C57BL","Early adult","MGP_IMM_077_001","0.3527985"
"1n77457rcl2g71a","MGI:1913491","C57BL","Early adult","IMPC_XRY_021_001","0.7023583"
"1n83880b5x2443m","MGI:2387617","C57BL","Early adult","IMPC_GEL_011_001","0.5120156"
"1o19d4kg1yn002a","MGI:1343489","C57BL","Early adult","ESLIM_016_001_005","0.8171846"
"1o2895it902t3aa","MGI:1916987","C57BL","E12.5","IMPC_CSD_038_001","0.9461346"
"1o80s21xs2m0y9m","MGI:98960","C57BL","E15.5","IMPC_DXA_003_001","0.5360749"
"1on3lej4he4ce8m","MGI:1891259","C57BL","Early adult","JAX_OFD_009_001","0.3102131"
"1opg071os4lyy8m","MGI:1920199","C57BL","E12.5","IMPC_HWT_002_001","0.8310057"
"1p83717hdbjr05a","MGI:3611233","C57BL","Early adult","IMPC_FEA_003_001","0.2197486"
"1p8ka21750m65km","MGI:97383","C57BL","Early adult","ESLIM_008_001_007","0.8759582"
"1pr88928lqrzb2m","MGI:1923073","C57BL","Early adult","CCP_XRY_002_001","0.8249332"
"1prd3n65685386m","MGI:104899","C57BL","E9.5","IMPC_GEM_069_001","0.1460221"
"1pt77p9c74eiaam","MGI:1927241","C57BL","E12.5","ESLIM_020_001_002","0.8200514"
"1pto9wfr7jxfo5m","MGI:1918066","C57BL","Early adult","IMPC_GEO_017_002","0.8934641"
"1py169t45z09f5a","MGI:99218","C57BL","Early adult","IMPC_OFD_009_001","0.6050016"
"1q072pq8yg73w4a","MGI:1915643","C57BL","Late adult","IMPC_DXA_005_001","0.8585063"
"1q1xq680wmr793m","MGI:2685195","C57BL","Early adult","IMPC_CBC_020_001","0.3414773"
"1qg1n26p8274a8m","MGI:1915643","C57BL","Late adult","CCP_LDT_007_001","0.8872302"
"1qh74k2nncqwrja","MGI:1891259","C57BL","Early adult","IMPC_GEO_017_002","0.8542065"
"1qv6sn38y5qfk4m","MGI:102519","C57BL","E12.5","MGP_MLN_079_001","0.447663"
"1qv6ur7th43am9a","MGI:98960","C57BL","E12.5","MGP_CSD_008_001","0.4502938"
"1r5b5p1bg63ji5a","MGI:1917120","C57BL","E18.5","IMPC_DXA_006_001","0.7519874"
"1r8d16ho2w1vogm","MGI:104708","C57BL","E9.5","MGP_IMM_077_001","0.3148828"
"1r95019n7mrca8a","MGI:2444824","C57BL","Early adult","IMPC_CSD_079_001","0.627786"
"1rka56m3d4k0o3a","MGI:1927580","C57BL","Early adult","IMPC_XRY_022_001","0.5313699"
"1ru23tad1ur785m","MGI:2679420","C57BL","Early adult","IMPC_GEM_068_001","0.606177"
"1s05ef3938lg6um","MGI:3588202","C57BL","Early adult","IMPC_GEO_064_001","0.2265123"
"1s08216916lpx1m","MGI:1915599","C57BL","Early adult","IMPC_EYE_082_001","0.6709086"
"1s122325f3832um","MGI:95777","129SV","Early adult","JAX_LDT_009_001","0.188334"
"1s2dz6sq99o5u8a","MGI:2139461","C57BL","Early adult","IMPC_HEM_032_001","0.8000219"
"1t5v881w9y0935a","MGI:3617846","C57BL","Early adult","ESLIM_008_001_007","0.9138568"
"1t5vmv2d1qu37ja","MGI:107171","C57BL","Early adult","UCDLA_HEM_002_001","0.1725158"
"1tj0lg2l8nn821a","MGI:1095412","C57BL","Late adult","IMPC_ECH_012_001","0.8054769"
"1tkkq572p68328a","MGI:2151053","C57BL","Early adult","MGP_MLN_076_001","0.6099115"
"1u60222742615ba","MGI:2158201","C57BL","Early adult","IMPC_GEO_015_001","0.05454005"
"1u8t8ig788swi7a","MGI:1918316","C57BL","Early adult","IMPC_CBC_025_001","0.9953036"
"1uj03q4h5258awa","MGI:1343489","C57BL","Early adult","IMPC_OFD_009_001","0.7209207"
"1unl0983fr7t26a","MGI:1931071","C57BL","Early adult","ESLIM_008_001_007","0.5677272"
"1v728t47605h0ja","MGI:104899","C57BL","Early adult","UCD_OWT_003_001","0.9324211"
"1w17r0zio5zf18a","MGI:1353665","C57BL","Early adult","IMPC_ECH_013_001","0.7464515"
"1w7y1h28678y32a","MGI:98397","C57BL","Early adult","ESLIM_008_001_022","0.2491656"
"1wlr5c9zz69618a","MGI:1914199","C57BL","E18.5","IMPC_OFD_011_001","0.5689619"
"1wpho841u1vtt4a","MGI:1913790","C57BL","Early adult","IMPC_ACS_006_001","0.4320234"
"1xb5m9w3ghg9l1a","MGI:1095412","C57BL","Late adult","IMPC_DXA_003_001","0.09328701"
"1y437v41p1qtt1a","MGI:1096385","C57BL","Late adult","IMPC_ECH_013_001","0.9483151"
"1y5x355rlw3y1ia","MGI:104899","C57BL","Early adult","M-G-P_012_001_005","0.1137561"
"1y69zs990mm6y7a","MGI:101813","C57BL","Early adult","IMPC_CBC_003_001","0.4837709"
"1y8fr84iq53461a","MGI:101813","C57BL","E9.5","IMPC_GRS_011_001","0.9177084"
"1yhdixwheqpq25a","MGI:1922946","C57BL","Early adult","IMPC_CBC_058_001","0.05806424"
"1yuya17q1lt9b3a","MGI:1914199","C57BL","Early adult","IMPC_EYE_070_001","0.2694335"
"1z3ut62293cl7oa","MGI:102844","C57BL","Early adult","IMPC_EYE_016_001","0.4962399"
"1zi0525ncv6i44a","MGI:1922776","C57BL","Middle aged adult","IMPC_EYE_016_001","0.8415497"
"1zi85919l5ywboa","MGI:1919880","C57BL","Early adult","IMPC_CBC_004_001","0.5902072"
"205cim9g87c3d7a","MGI:1927753","C57BL","Early adult","IMPC_CSD_078_001","0.2032958"
"20803x096gve2ba","MGI:97324","C57BL","Early adult","CCP_XRY_019_001","0.07016369"
"208i9377d146x5a","MGI:2140361","C53BL","Early adult","CCP_LDT_004_001","0.1571635"
"20c6jh730i23i1a","MGI:1347355","C57BL","Early adult","MGP_IMM_116_001","0.1798851"
"20ffm8zf85515pa","MGI:2139018","C57BL","Early adult","KMPCLA_GRS_011_001","0.3106878"
"20p38trzk8m0z4a","MGI:1922946","C57BL","Early adult","MGP_CSD_068_001","1.250128"
"2105jn09ks5a49a","MGI:1919128","C57BL","Early adult","IMPC_HEM_008_001","0.07118272"
"2117p274djm43aa","MGI:2684789","C57BL","Early adult","IMPC_OFD_010_001","0.2095382"
"2134431le19qw6a","MGI:2384297","C57BL","E9.5","MGP_MLN_066_001","0.1140389"
"213r98w1zv8e3ba","MGI:2443564","C57BL","E12.5","MGP_IMM_116_001","0.5002271"
"214rca33sk3bfja","MGI:3588202","C57BL","Early adult","CCP_LFO_001_001","0.8058138"
"21a604u0kwg695a","MGI:104559","C57BL","Early adult","IMPC_IMM_014_002","0.7643221"
"21egqng0mkc0zra","MGI:97898","C57BL","Early adult","IMPC_XRY_055_001","0.243233"
"21h9k1u7p7cf38a","MGI:2444508","C57BL","Early adult","MGP_IMM_130_001","0.7403462"
"21n6zn43bl090ea","MGI:3611233","C57BL","Early adult","JAX_LDT_003_001","0.3938269"
"21p2fd4q13ak1sa","MGI:1922423","C57BL","Early adult","ESLIM_016_001_004","0.4507893"
"21t8q3l0fr154ja","MGI:1919369","C57BL","E9.5","JAX_LDT_002_001","0.5082716"
"21w2x10erdwv24a","MGI:3646006","C57BL","Early adult","ESLIM_011_001_005","0.7920815"
"21wm44u0ecr4o8a","MGI:97565","C57BL","E12.5","IMPC_ECG_006_001","0.4178027"
"224g23rq960r90a","MGI:99218","C57BL","Early adult","MGP_MLN_066_001","0.2215215"
"22ewh7rxy5675ba","MGI:87879","C57BL","Early adult","CCP_LDT_003_001","0.3237072"
"22i2mep34f4220a","MGI:2443564","C57BL","E18.5","IMPC_ECG_003_001","0.2917001"
"22jngst4980daia","MGI:1353665","C57BL","Early adult","MGP_IMM_007_001","0.6047669"
"22mc8pl428v85pa","MGI:1920484","C57BL","Early adult","IMPC_GEP_030_002","0.09980947"
"22onv8j8f12z45a","MGI:1924933","C57BL","Early adult","JAX_OFD_050_001","0.3079046"
"22q1s024p04o31a","MGI:1919128","C50BL","Early adult","MGP_MLN_072_001","0.4303062"
"22rr5cyj1g94n8a","MGI:108429","C57BL","E12.5","IMPC_GEL_011_001","0.5378221"
"230w0345ccy1uqa","MGI:97803","C57BL","E15.5","IMPC_CSD_006_001","0.2924215"
"23279935e5k7n2a","MGI:1919163","C57BL","Early adult","MGP_IMM_016_001","0.9158946"
"232mo0kpilsg68a","MGI:1913721","C57BL","Early adult","IMPC_EYE_023_001","0.5243351"
"234vtf021617kaa","MGI:2684896","C57BL","Early adult","ESLIM_008_001_007","0.440341"
"2360b4n200bh7na","MGI:103559","C57BL","Early adult","IMPC_CSD_038_001","0.8519236"
"238mj5w98usp4ea","MGI:1927241","C57BL","E9.5","IMPC_DXA_002_001","0.2758196"
"239108l0e7t613a","MGI:1918142","C57BL","Early adult","MGP_IMM_093_001","0.8435739"
"2391154qw10793a","MGI:1918066","C57BL","Early adult","IMPC_OFD_016_001","0.3989418"
"239ekv76tb0cqea","MGI:1346086","C57BL","Early adult","CCP_XRY_019_001","0.5287501"
"239xn406vjbv3ka","MGI:1915862","C57BL","Early adult","MGP_MLN_078_001","0.1297852"
"23j0abc596p7jha","MGI:2654325","C57BL","Early adult","IMPC_CSD_061_001","0.7182733"
"245cq823zar881a","MGI:1920199","C57BL","E18.5","IMPC_ACS_006_001","0.7478106"
"2476tuh01256aja","MGI:1913790","129SV","Early adult","IMPC_GEM_075_001","0.4279199"
"249z6pu7sm6747a","MGI:1201673","C57BL","E9.5","IMPC_OFD_021_001","0.2285679"
"24kq6o71986qc5a","MGI:1309469","C57BL","Early adult","IMPC_GPO_002_001","0.09528326"
"24l5211qnj03a0a","MGI:1913761","C57BL","Early adult","IMPC_IMM_014_002","0.1417523"
"24m5rwnbp11yj8a","MGI:106637","C57BL","E9.5","IMPC_ABR_008_001","0.8798529"
"24r71s7pvkuhpga","MGI:106925","C57BL","Early adult","IMPC_CSD_061_001","0.5205393"
"24s02g0dzw0e0ja","MGI:2444274","C57BL","Early adult","IMPC_CBC_017_001","0.4334"
"24t8lml7n10hb0a","MGI:1927753","C57BL","E12.5","IMPC_XRY_016_001","0.9270647"
"24tx7e0wnd3dpga","MGI:2679420","C57BL","Early adult","ESLIM_005_001_005","0.8669409"
"24w64sy255g8q5a","MGI:107363","C57BL","Early adult","IMPC_HEM_038_001","0.9469864"
"2540za5k1s5alha","MGI:2442177","C57BL","Early adult","M-G-P_016_001_006","0.6676386"
"254vebf8pc5295a","MGI:1921735","C57BL","Early adult","MGP_CSD_008_001","0.9496556"
"25d9anb43y719ba","MGI:3045320","C57BL","Early adult","IMPC_EYE_027_001","0.7036208"
"25gz77yiz2qr39a","MGI:104559","C57BL","Early adult","IMPC_FEA_105_001","0.9581723"
"25mrj448a78r58a","MGI:2151053","C57BL","Early adult","MGP_IMM_052_001","0.4383867"
"2625wv02e655o1a","MGI:2135283","C57BL","Early adult","CCP_XRY_002_001","0.9657186"
"265b6vddv0wt88a","MGI:1920199","C57BL","E12.5","UCDLA_CSD_012_001","0.2977911"
"2687z046q29547a","MGI:106925","C57BL","Middle aged adult","ESLIM_005_001_701","0.65409"
"268jad1s079tg2a","MGI:1931071","C57BL","Early adult","IMPC_ECG_003_001","0.08551174"
"26a7sm31m2g1xla","MGI:2442704","C57BL","Early adult","IMPC_ACS_006_001","0.857348"
"26dh86y1raz6cja","MGI:2441837","C57BL","Early adult","IMPC_GEP_030_002","0.757818"
"26m114r3qu1uuja","MGI:2443564","C57BL","E18.5","JAX_OFD_007_001","0.9008626"
"26x1519p50bw36a","MGI:1914199","C57BL","Early adult","IMPC_ABR_004_001","0.9490241"
"271f665ig9n9c4a","MGI:1921263","C57BL","Early adult","IMPC_HEM_030_001","0.3340367"
"271move3h15v18a","MGI:1913746","C57BL","Early adult","JAX_PLC_001_001","0.9573307"
"272dr954tzggwaa","MGI:109424","C57BL","Early adult","IMPC_HWT_002_001","0.4267377"
"27351z5x80q890a","MGI:2676312","C57BL","Early adult","IMPC_CBC_023_001","0.2790185"
"273meqlm4x95d7a","MGI:1913692","C57BL","Early adult","MGP_MLN_014_001","0.2503542"
"274k297x48hbgna","MGI:1914454","C57BL","E12.5","IMPC_OFD_014_001","0.7761859"
"279o5956k04b8ia","MGI:1915599","129SV","Early adult","IMPC_XRY_060_001","0.3899334"
"27a272r6wuva9na","MGI:99218","C57BL","Early adult","IMPC_CBC_016_001","0.9703771"
"27h263b7fe20bsa","MGI:1918066","C57BL","Early adult","MGP_MLN_115_001","0.8228181"
"27iz7tj096nl0ya","MGI:1919471","C57BL","Early adult","MGP_IMM_127_001","0.3441224"
"28016fyufi338pa","MGI:1916428","C57BL","Early adult","IMPC_OFD_012_001","0.5002146"
"2816lgvj062a55a","MGI:1913761","C57BL","Early adult","MGP_IMM_093_001","0.4812267"
"281excp37704zla","MGI:1915247","C57BL","Early adult","JAX_OFD_012_001","0.3358837"
"284svs51a4lql2a","MGI:1924933","C57BL","Early adult","MGP_IMM_130_001","0.2956213"
"284tov28geqv8ua","MGI:2654325","C57BL","Early adult","M-G-P_005_001_003","0.5009744"
"28j29989036a92a","MGI:98386","C57BL","Early adult","IMPC_GEP_026_001","0.1279118"
"28qs8jzf43i8f1a","MGI:1915247","C57BL","E9.5","IMPC_EYE_069_001","0.3940607"
"28x97bm4y83rf7a","MGI:2384297","C57BL","E12.5","IMPC_ACS_036_001","0.4264327"
"2910y22w6i8208a","MGI:1913692","C57BL","E9.5","IMPC_CSD_006_001","0.5618739"
"2918g7eue16osua","MGI:1921607","C57BL","Early adult","JAX_LDT_004_001","0.07003466"
"292lz6132k5030a","MGI:1919369","C57BL","Early adult","IMPC_ABR_004_001","0.9177858"
"292s46k1v107pua","MGI:104899","C57BL","Early adult","ESLIM_011_001_001","0.2271379"
"2969h9f6715l9ia","MGI:1919880","C57BL","Early adult","IMPC_GEP_017_001","0.2087893"
"2970e437m2wz9ja","MGI:3041190","C57BL","Early adult","CCP_XRY_018_001","0.5443629"
"29726wekzn5934a","MGI:108429","C57BL","Early adult","IMPC_GRS_011_001","0.4050551"
"29975b953850p0a","MGI:1923073","C57BL","Early adult","IMPC_ECG_006_001","0.7537875"
"29ha6e1983bl70a","MGI:98397","129SV","Early adult","IMPC_CSD_029_001","0.6343732"
"29j8xa51kj3104a","MGI:1913761","C57BL","Early adult","IMPC_EYE_026_001","0.2267601"
"29n2477pacn0zaa","MGI:106925","C57BL","Middle aged adult","MGP_IMM_076_001","0.4374108"
"29p182675nf5cka","MGI:3650206","C57BL","Early adult","IMPC_GEO_064_001","0.9918968"
"29v55me552lkm1a","MGI:104294","C57BL","Early adult","IMPC_HEM_008_001","0.5235016"
"29wsn5071eo1k7a","MGI:1095412","C57BL","Late adult","IMPC_GEP_026_001","0.4210635"
"29y8pu87nq9eyea","MGI:1891259","C57BL","Early adult","ESLIM_008_001_002","0.6846258"
"2a1n619r133qbta","MGI:2443925","C57BL","Early adult","IMPC_CSD_032_001","0.1205072"
"2a634x110346swa","MGI:95777","129SV","Early adult","IMPC_CSD_026_001","0.8581016"
"2a92mtq45zr2a8a","MGI:97565","C57BL","Early adult","IMPC_IMM_011_002","0.7689158"
"2au62fbr987uhya","MGI:1891259","C57BL","Early adult","IMPC_ABR_010_001","0.1548256"
"2b02w6671640j5a","MGI:107171","C57BL","Early adult","CCP_XRY_062_001","0.4767237"
"2b1w5w8l8s0q1ma","MGI:104516","C57BL","Early adult","IMPC_OFD_021_001","0.6974508"
"2biny3q22vie3ta","MGI:3649135","C57BL","Early adult","CCP_XRY_018_001","0.8731221"
"2d7yi0934fk035a","MGI:3588202","C57BL","Early adult","IMPC_ECG_010_001","0.4777027"
"2dmbamf8s49x9ja","MGI:1920199","C57BL","E18.5","IMPC_HEM_019_001","0.619086"
"2ds7962ilq1s99a","MGI:1860511","C57BL","Early adult","IMPC_EYE_012_001","0.868106"
"2dv9j1y4g1pzxfa","MGI:2679420","C57BL","Early adult","IMPC_CBC_015_001","0.6287721"
"2dy399c8gndte8a","MGI:2140361","C57BL","E12.5","IMPC_XRY_063_001","0.3797483"
"2e1263l1h86546a","MGI:1919880","C57BL","Early adult","IMPC_CSD_030_001","0.2526414"
"2e39c2l6r9wgc0a","MGI:105383","C57BL","Early adult","MGP_IMM_007_001","0.34376"
"2ez42kdl367d92a","MGI:1337072","C57BL","Early adult","IMPC_CBC_002_001","0.2840938"
"2f1m91940u5yz8a","MGI:102844","C57BL","Early adult","JAX_OFD_009_001","0.8240557"
"2f2952q54pzoeoa","MGI:1916413","C57BL","Early adult","IMPC_XRY_060_001","0.07355706"
"2fas53t0301b18a","MGI:1925835","C57BL","Early adult","IMPC_GEL_063_001","0.438599"
"2fig3cl3l89ffsa","MGI:1922423","C57BL","Early adult","IMPC_ACS_033_001","0.8908166"
"2fs674589w6tnva","MGI:1859866","C57BL","E9.5","IMPC_CSD_033_001","0.5515366"
"2fwppu558p42h9a","MGI:97565","C57BL","E12.5","KMPCLA_GRS_010_001","0.1508687"
"2g86e8qtw20391a","MGI:107363","C57BL","E9.5","MGP_IMM_128_001","0.6742373"
"2gdoir340v05b4a","MGI:1096385","C57BL","Early adult","IMPC_IMM_040_002","0.9064936"
"2go5l3dcuez519a","MGI:1918398","C57BL","Early adult","JAX_OFD_022_001","0.06271843"
"2go87y75k0qp1na","MGI:2684896","C57BL","Early adult","ESLIM_011_001_004","0.0730294"
"2h0s8shfwf85t9a","MGI:102519","C57BL","Early adult","IMPC_CBC_020_001","0.2897458"
"2h1k1amt54p727a","MGI:2443564","C57BL","E12.5","IMPC_XRY_021_001","0.4948605"
"2ha5193z9c1986a","MGI:1859866","C57BL","Early adult","IMPC_GEM_007_001","0.3741499"
"2hho56u2a9pnbla","MGI:98386","C57BL","E15.5","IMPC_CSD_025_001","0.7034609"
"2hloaoy41s0l48a","MGI:1095412","C57BL","Late adult","IMPC_GEP_011_002","0.261661"
"2i13j3h92f2cd2a","MGI:1351315","C57BL","Early adult","ESLIM_008_001_002","0.7366091"
"2i1robetqdp11ha","MGI:107341","C57BL","Early adult","IMPC_XRY_021_001","0.6603586"
"2i6grpzh147780a","MGI:2444508","C57BL","E15.5","IMPC_CBC_008_001","0.51731"
"2i9858dv60hreca","MGI:1913790","C57BL","Early adult","IMPC_DXA_005_001","0.488487"
"2ial2760ca0za2a","MGI:1920199","C57BL","Early adult","IMPC_EYE_092_001","0.6390208"
"2ic53n283weuv3a","MGI:1922387","C57BL","E12.5","MGP_MLN_080_001","0.2399648"
