"parameter_id","group_id"
"IMPC_GRS_001_001",7
"IMPC_GRS_002_001",7
"IMPC_GRS_003_001",1
"IMPC_GRS_005_001",11
"IMPC_GRS_006_001",11
"IMPC_GRS_007_001",11
"IMPC_GRS_008_001",7
"IMPC_GRS_009_001",7
"IMPC_GRS_010_001",1
"IMPC_GRS_010_001",7
"IMPC_GRS_011_001",1
"IMPC_GRS_011_001",7
"IMPC_GRS_012_001",11
"IMPC_GRS_013_001",11
"IMPC_GRS_014_001",4
"IMPC_ALZ_003_001",3
"IMPC_ALZ_004_001",5
"IMPC_ALZ_005_001",4
"IMPC_ALZ_005_001",8
"IMPC_ALZ_006_001",11
"IMPC_ALZ_010_001",9
"IMPC_ALZ_011_001",11
"IMPC_ALZ_014_001",9
"IMPC_ALZ_019_001",11
"IMPC_ALZ_020_001",3
"IMPC_ALZ_021_001",11
"IMPC_ALZ_022_001",3
"IMPC_ALZ_023_001",1
"IMPC_ALZ_025_001",1
"IMPC_ALZ_027_001",4
"IMPC_ALZ_031_001",3
"IMPC_ALZ_033_001",3
"IMPC_ALZ_034_001",3
"IMPC_ALZ_035_001",3
"IMPC_ALZ_036_001",3
"IMPC_ALZ_037_001",3
"IMPC_ALZ_039_001",5
"IMPC_ALZ_040_001",3
"IMPC_ALZ_041_001",4
"IMPC_ALZ_043_001",1
"IMPC_ALZ_049_001",1
"IMPC_ALZ_049_001",9
"IMPC_ALZ_050_001",1
"IMPC_ALZ_052_001",1
"IMPC_ALZ_053_001",1
"IMPC_ALZ_054_001",4
"IMPC_ALZ_055_001",4
"IMPC_ALZ_058_001",7
"IMPC_ALZ_060_001",11
"IMPC_ALZ_061_001",11
"IMPC_ALZ_064_001",1
"IMPC_ALZ_065_001",3
"IMPC_ALZ_070_001",3
"IMPC_ALZ_075_001",2
"IMPC_ALZ_076_001",2
"IMPC_ALZ_080_001",2
"IMPC_ALZ_080_001",11
"IMPC_ALZ_081_001",2
"IMPC_ALZ_081_001",11
"IMPC_ALZ_082_001",2
"IMPC_ALZ_082_001",11
"IMPC_ALZ_083_001",2
"IMPC_ALZ_083_001",4
"IMPC_ALZ_084_001",11
"IMPC_ALZ_085_001",11
"IMPC_ALZ_087_001",11
"IMPC_ALZ_089_001",11
"IMPC_ALZ_090_001",11
"IMPC_ALZ_091_001",11
"IMPC_ALZ_092_001",11
"IMPC_ALZ_093_001",2
"IMPC_ALZ_094_001",5
"IMPC_ALZ_097_001",2
"IMPC_ALZ_098_001",2
"IMPC_ALZ_099_001",2
"IMPC_ALZ_102_001",11
"IMPC_ALZ_104_001",3
"IMPC_ALZ_104_001",11
"IMPC_ALZ_105_001",3
"IMPC_GEO_003_001",4
"IMPC_GEO_004_001",4
"IMPC_GEO_004_001",7
"IMPC_GEO_005_001",4
"IMPC_GEO_005_001",7
"IMPC_GEO_005_001",8
"IMPC_GEO_006_001",7
"IMPC_GEO_008_001",4
"IMPC_GEO_008_001",7
"IMPC_GEO_008_001",8
"IMPC_GEO_011_001",4
"IMPC_GEO_011_001",7
"IMPC_GEO_012_001",4
"IMPC_GEO_012_001",7
"IMPC_GEO_012_001",11
"IMPC_GEO_013_001",7
"IMPC_GEO_014_001",7
"IMPC_GEO_015_001",7
"IMPC_GEO_016_001",1
"IMPC_GEO_016_001",7
"IMPC_GEO_019_001",1
"IMPC_GEO_019_001",7
"IMPC_GEO_019_001",9
"IMPC_GEO_020_001",7
"IMPC_GEO_021_001",8
"IMPC_GEO_022_001",7
"IMPC_GEO_022_001",8
"IMPC_GEO_023_001",7
"IMPC_GEO_023_001",8
"IMPC_GEO_024_001",6
"IMPC_GEO_028_001",7
"IMPC_GEO_029_001",8
"IMPC_GEO_030_001",5
"IMPC_GEO_031_001",7
"IMPC_GEO_032_001",7
"IMPC_GEO_033_001",7
"IMPC_GEO_036_001",7
"IMPC_GEO_037_001",1
"IMPC_GEO_037_001",7
"IMPC_GEO_040_001",3
"IMPC_GEO_040_001",7
"IMPC_GEO_044_001",5
"IMPC_GEO_045_001",5
"IMPC_GEO_045_001",7
"IMPC_GEO_046_001",1
"IMPC_GEO_046_001",5
"IMPC_GEO_046_001",7
"IMPC_GEO_049_001",2
"IMPC_GEO_050_001",2
"IMPC_GEO_051_001",11
"IMPC_GEO_052_001",11
"IMPC_GEO_053_001",11
"IMPC_GEO_054_001",11
"IMPC_GEO_060_001",4
"IMPC_GEO_007_002",4
"IMPC_GEO_007_002",8
"IMPC_GEO_017_002",7
"IMPC_GEO_018_002",7
"IMPC_GEO_041_002",3
"IMPC_GEO_042_002",3
"IMPC_GEO_043_002",11
"IMPC_GEO_061_001",7
"IMPC_EVP_004_001",9
"IMPC_EVP_005_001",9
"IMPC_EVP_006_001",9
"IMPC_EVP_007_001",9
"IMPC_EVP_011_001",9
"IMPC_EVP_016_001",1
"IMPC_EVP_016_001",7
"IMPC_EVP_017_001",9
"IMPC_EVP_018_001",9
"IMPC_EVP_019_001",9
"IMPC_EVP_022_001",9
"IMPC_EVP_023_001",9
"IMPC_EVP_024_001",9
"IMPC_HOU_003_002",11
"IMPC_HOU_012_001",11
"IMPC_HOU_069_001",11
"IMPC_HOU_073_001",11
"IMPC_HOU_074_001",11
"IMPC_HOU_075_001",11
"IMPC_HOU_038_001",1
"IMPC_HOU_038_001",8
"IMPC_HOU_039_002",8
"IMPC_HOU_081_001",8
"IMPC_HOU_082_001",6
"IMPC_HOU_083_001",6
"IMPC_HOU_083_001",11
"IMPC_HOU_041_001",6
"IMPC_HOU_043_002",1
"IMPC_HOU_043_002",4
"IMPC_HOU_043_002",6
"IMPC_HOU_044_002",1
"IMPC_HOU_045_002",1
"IMPC_HOU_050_001",6
"IMPC_HOU_051_002",1
"IMPC_HOU_051_002",6
"IMPC_HOU_051_002",11
"IMPC_HOU_055_001",11
"IMPC_HOU_084_001",8
"IMPC_HOU_086_001",1
"IMPC_HOU_086_001",11
"IMPC_GEP_006_001",4
"IMPC_GEP_007_001",4
"IMPC_GEP_007_001",7
"IMPC_GEP_008_001",4
"IMPC_GEP_008_001",7
"IMPC_GEP_008_001",8
"IMPC_GEP_009_001",7
"IMPC_GEP_010_001",4
"IMPC_GEP_010_001",7
"IMPC_GEP_010_001",8
"IMPC_GEP_013_001",4
"IMPC_GEP_013_001",7
"IMPC_GEP_014_001",7
"IMPC_GEP_015_001",7
"IMPC_GEP_016_001",1
"IMPC_GEP_016_001",7
"IMPC_GEP_017_001",7
"IMPC_GEP_021_001",7
"IMPC_GEP_022_001",1
"IMPC_GEP_022_001",7
"IMPC_GEP_022_001",9
"IMPC_GEP_023_001",1
"IMPC_GEP_023_001",9
"IMPC_GEP_024_001",7
"IMPC_GEP_025_001",8
"IMPC_GEP_026_001",8
"IMPC_GEP_027_001",7
"IMPC_GEP_027_001",8
"IMPC_GEP_028_001",6
"IMPC_GEP_033_001",7
"IMPC_GEP_034_001",8
"IMPC_GEP_036_001",5
"IMPC_GEP_037_001",7
"IMPC_GEP_038_001",7
"IMPC_GEP_041_001",7
"IMPC_GEP_042_001",1
"IMPC_GEP_042_001",7
"IMPC_GEP_044_001",4
"IMPC_GEP_044_001",7
"IMPC_GEP_046_001",3
"IMPC_GEP_046_001",7
"IMPC_GEP_051_001",11
"IMPC_GEP_053_001",7
"IMPC_GEP_054_001",7
"IMPC_GEP_056_001",5
"IMPC_GEP_057_001",5
"IMPC_GEP_057_001",7
"IMPC_GEP_058_001",1
"IMPC_GEP_058_001",5
"IMPC_GEP_058_001",7
"IMPC_GEP_063_001",2
"IMPC_GEP_064_001",2
"IMPC_GEP_065_001",11
"IMPC_GEP_066_001",11
"IMPC_GEP_067_001",11
"IMPC_GEP_068_001",11
"IMPC_GEP_074_001",4
"IMPC_GEP_005_002",3
"IMPC_GEP_018_002",7
"IMPC_GEP_019_002",7
"IMPC_GEP_030_002",7
"IMPC_GEP_047_002",3
"IMPC_GEP_048_002",3
"IMPC_GEP_049_002",11
"IMPC_GEP_061_002",5
"IMPC_GEP_061_002",11
"IMPC_GEP_075_001",7
"IMPC_EMA_001_001",9
"IMPC_EMA_002_001",11
"IMPC_EMA_003_001",11
"IMPC_EMA_004_001",11
"IMPC_EMA_005_001",11
"IMPC_EMA_007_001",1
"IMPC_EMA_007_001",2
"IMPC_EMA_007_001",7
"IMPC_EMA_008_001",11
"IMPC_EMA_009_001",4
"IMPC_EMA_012_001",2
"IMPC_EMA_017_001",2
"IMPC_EMA_018_001",7
"IMPC_EMA_020_001",7
"IMPC_EMA_023_001",7
"IMPC_EMA_024_001",1
"IMPC_EMA_024_001",7
"IMPC_EMA_024_001",9
"IMPC_EMA_025_001",3
"IMPC_EMA_027_001",7
"IMPC_EMA_028_001",3
"IMPC_EMA_028_001",11
"IMPC_EMA_029_001",3
"IMPC_EMA_029_001",11
"IMPC_EMA_030_001",3
"IMPC_EMA_030_001",11
"IMPC_EMA_031_001",3
"IMPC_EMA_032_001",3
"IMPC_EMA_033_001",3
"IMPC_EMA_034_001",3
"IMPC_EMA_035_001",3
"IMPC_EMA_036_001",3
"IMPC_EMA_038_001",3
"IMPC_EMA_039_001",3
"IMPC_EMA_040_001",3
"IMPC_EMA_041_001",3
"IMPC_EMA_041_001",11
"IMPC_EMA_042_001",3
"IMPC_EMA_042_001",11
"IMPC_EMA_043_001",3
"IMPC_EMA_044_001",3
"IMPC_EMA_046_001",3
"IMPC_EMA_047_001",3
"IMPC_EMA_048_001",3
"IMPC_EMA_049_001",3
"IMPC_EMA_050_001",3
"IMPC_EMA_051_001",3
"IMPC_EMA_055_001",11
"IMPC_EMA_059_001",3
"IMPC_EMA_059_001",5
"IMPC_EMA_060_001",5
"IMPC_EMA_061_001",11
"IMPC_EMA_062_001",5
"IMPC_EMA_063_001",5
"IMPC_EMA_064_001",5
"IMPC_EMA_064_001",11
"IMPC_EMA_065_001",1
"IMPC_EMA_068_001",11
"IMPC_EMA_073_001",1
"IMPC_EMA_073_001",11
"IMPC_EMA_074_001",11
"IMPC_EMA_076_001",1
"IMPC_EMA_078_001",11
"IMPC_EMA_083_001",11
"IMPC_EMA_084_001",11
"IMPC_EMA_086_001",4
"IMPC_EMA_086_001",11
"IMPC_EMA_094_001",4
"IMPC_EMA_095_001",4
"IMPC_EMA_096_001",4
"IMPC_EMA_098_001",4
"IMPC_EMA_100_001",4
"IMPC_EMA_101_001",4
"IMPC_EMA_102_001",4
"IMPC_EMA_102_001",8
"IMPC_EMA_103_001",3
"IMPC_EMA_103_001",4
"IMPC_EMA_103_001",8
"IMPC_EMA_104_001",4
"IMPC_EMA_104_001",11
"IMPC_EMA_105_001",4
"IMPC_EMA_111_001",3
"IMPC_EMA_112_001",3
"IMPC_EMA_112_001",11
"IMPC_EMA_113_001",3
"IMPC_EMA_114_001",3
"IMPC_EMA_116_001",4
"IMPC_EMA_117_001",8
"IMPC_EMA_119_001",3
"IMPC_EMA_120_001",3
"IMPC_EMA_121_001",3
"IMPC_EMA_131_001",11
"IMPC_EMA_137_001",11
"IMPC_EMA_142_001",9
"IMPC_EMA_146_001",11
"IMPC_EMA_147_001",7
"IMPC_EMA_148_001",7
"IMPC_EMA_148_001",9
"IMPC_EMA_149_001",11
"IMPC_ACS_001_001",3
"IMPC_ACS_001_001",8
"IMPC_ACS_002_001",3
"IMPC_ACS_002_001",8
"IMPC_ACS_003_001",3
"IMPC_ACS_003_001",8
"IMPC_ACS_004_001",3
"IMPC_ACS_004_001",8
"IMPC_ACS_005_001",3
"IMPC_ACS_005_001",8
"IMPC_ACS_006_001",3
"IMPC_ACS_006_001",8
"IMPC_ACS_007_001",3
"IMPC_ACS_007_001",8
"IMPC_ACS_008_001",3
"IMPC_ACS_008_001",8
"IMPC_ACS_009_001",3
"IMPC_ACS_009_001",8
"IMPC_ACS_010_001",3
"IMPC_ACS_010_001",8
"IMPC_ACS_014_001",11
"IMPC_ACS_015_001",8
"IMPC_ACS_017_001",4
"IMPC_ACS_017_001",8
"IMPC_ACS_018_001",4
"IMPC_ACS_018_001",8
"IMPC_ACS_019_001",4
"IMPC_ACS_019_001",8
"IMPC_ACS_020_001",4
"IMPC_ACS_020_001",8
"IMPC_ACS_024_001",8
"IMPC_ACS_025_001",11
"IMPC_ACS_026_001",11
"IMPC_ACS_027_001",11
"IMPC_ACS_028_001",11
"IMPC_ACS_031_001",8
"IMPC_ACS_031_001",11
"IMPC_ACS_032_001",8
"IMPC_ACS_033_001",4
"IMPC_ACS_034_001",4
"IMPC_ACS_035_001",4
"IMPC_ACS_036_001",4
"IMPC_ACS_037_001",4
"IMPC_ACS_038_001",4
"IMPC_ACS_013_001",8
"IMPC_ACS_039_001",8
"IMPC_ACS_039_001",11
"IMPC_ECG_002_001",4
"IMPC_ECG_010_001",4
"IMPC_ECG_016_001",11
"IMPC_ECG_017_001",11
"IMPC_ECG_018_001",11
"IMPC_ECG_019_001",10
"IMPC_ECG_020_001",11
"IMPC_ECG_023_001",4
"IMPC_ECG_009_002",4
"IMPC_ECG_025_001",2
"IMPC_ECG_025_001",8
"IMPC_ECG_026_001",2
"IMPC_ECG_026_001",8
"IMPC_ECG_028_001",4
"IMPC_ECG_029_001",4
"IMPC_ECG_030_001",4
"IMPC_ECG_031_001",4
"IMPC_PAT_001_002",3
"IMPC_PAT_002_002",3
"IMPC_PAT_002_002",5
"IMPC_PAT_003_002",3
"IMPC_PAT_005_002",11
"IMPC_PAT_006_002",4
"IMPC_PAT_006_002",8
"IMPC_PAT_008_002",11
"IMPC_PAT_017_002",11
"IMPC_PAT_022_002",1
"IMPC_PAT_025_002",11
"IMPC_PAT_028_002",9
"IMPC_PAT_049_002",1
"IMPC_PAT_057_002",2
"IMPC_PAT_052_002",11
"IMPC_PAT_054_002",11
"IMPC_PAT_055_002",4
"IMPC_PAT_055_002",11
"IMPC_PAT_056_002",11
"IMPC_PAT_059_002",4
"IMPC_PAT_060_002",11
"IMPC_PAT_061_002",11
"IMPC_PAT_031_002",11
"IMPC_PAT_033_001",11
"IMPC_PAT_034_001",11
"IMPC_PAT_035_001",2
"IMPC_PAT_036_001",5
"IMPC_PAT_065_001",1
"IMPC_PAT_066_001",1
"IMPC_PAT_069_001",3
"IMPC_PAT_071_001",8
"IMPC_PAT_074_001",3
"IMPC_PAT_075_001",1
"IMPC_ECG_009_001",4
"IMPC_ECG_011_001",4
"IMPC_MAA_004_001",4
"IMPC_MAA_004_001",8
"IMPC_MAA_005_001",4
"IMPC_MAA_005_001",8
"IMPC_GEM_007_001",7
"IMPC_GEM_017_001",7
"IMPC_GEM_019_001",1
"IMPC_GEM_019_001",7
"IMPC_GEM_019_001",9
"IMPC_GEM_021_001",7
"IMPC_GEM_021_001",8
"IMPC_GEM_024_001",8
"IMPC_GEM_027_001",7
"IMPC_GEM_028_001",7
"IMPC_GEM_029_001",7
"IMPC_GEM_032_001",1
"IMPC_GEM_032_001",7
"IMPC_GEM_036_001",3
"IMPC_GEM_041_001",5
"IMPC_GEM_041_001",7
"IMPC_GEM_047_001",7
"IMPC_GEM_048_001",2
"IMPC_GEM_049_001",2
"IMPC_GEM_050_001",11
"IMPC_GEM_051_001",11
"IMPC_GEM_052_001",11
"IMPC_GEM_053_001",11
"IMPC_GEM_059_001",4
"IMPC_GEM_026_002",7
"IMPC_GEM_060_001",7
"IMPC_GEM_062_001",7
"IMPC_GEM_063_001",7
"IMPC_GEM_064_001",7
"IMPC_GEM_065_001",4
"IMPC_GEM_065_001",8
"IMPC_GEM_066_001",4
"IMPC_GEM_066_001",7
"IMPC_GEM_066_001",8
"IMPC_GEM_067_001",7
"IMPC_GEM_068_001",3
"IMPC_GEM_068_001",7
"IMPC_GEM_069_001",3
"IMPC_GEM_069_001",7
"IMPC_GEM_070_001",3
"IMPC_GEM_070_001",7
"IMPC_GEM_070_001",11
"IMPC_GEM_071_001",7
"IMPC_GEM_072_001",7
"IMPC_GEM_073_001",4
"IMPC_GEM_073_001",7
"IMPC_GEM_074_001",7
"IMPC_GEM_074_001",9
"IMPC_GEM_075_001",7
"IMPC_GEM_075_001",9
"IMPC_GEM_076_001",7
"IMPC_GEM_079_001",3
"IMPC_CAL_001_001",1
"IMPC_CAL_002_001",1
"IMPC_CAL_004_001",11
"IMPC_CAL_005_001",4
"IMPC_CAL_005_001",6
"IMPC_CAL_014_001",11
"IMPC_CAL_015_001",11
"IMPC_CAL_016_001",11
"IMPC_CAL_018_001",11
"IMPC_CAL_019_001",4
"IMPC_ECH_001_001",4
"IMPC_ECH_002_001",4
"IMPC_ECH_003_001",1
"IMPC_ECH_003_001",4
"IMPC_ECH_004_001",4
"IMPC_ECH_006_001",4
"IMPC_ECH_008_001",11
"IMPC_ECH_011_001",11
"IMPC_ECH_013_001",4
"IMPC_ECH_015_001",4
"IMPC_ECH_016_001",4
"IMPC_ECH_018_001",4
"IMPC_ECH_019_001",11
"IMPC_ECH_020_001",11
"IMPC_ECH_021_001",11
"IMPC_ECH_022_001",10
"IMPC_ECH_023_001",11
"IMPC_ECH_024_001",4
"IMPC_ECH_025_001",2
"IMPC_CBC_003_001",11
"IMPC_CBC_004_001",4
"IMPC_CBC_015_001",6
"IMPC_CBC_016_001",6
"IMPC_CBC_017_001",11
"IMPC_CBC_018_001",6
"IMPC_CBC_024_001",4
"IMPC_CBC_025_001",6
"IMPC_CBC_026_001",1
"IMPC_CBC_026_001",11
"IMPC_CBC_029_001",11
"IMPC_CBC_033_001",11
"IMPC_CBC_034_001",11
"IMPC_CBC_035_001",11
"IMPC_CBC_036_001",4
"IMPC_CBC_037_001",4
"IMPC_CBC_037_001",11
"IMPC_CBC_042_001",11
"IMPC_CBC_043_001",11
"IMPC_CBC_044_001",11
"IMPC_CBC_045_001",4
"IMPC_CBC_045_001",11
"IMPC_CBC_046_001",4
"IMPC_CBC_049_001",4
"IMPC_CBC_049_001",11
"IMPC_CBC_050_001",4
"IMPC_CBC_039_001",4
"IMPC_CBC_041_001",4
"IMPC_CBC_051_001",4
"IMPC_CBC_051_001",11
"IMPC_CBC_056_001",11
"IMPC_CBC_057_001",6
"IMPC_CBC_058_001",6
"IMPC_CBC_059_001",10
"IMPC_CBC_059_001",11
"IMPC_GEO_063_001",7
"IMPC_GEO_064_001",7
"IMPC_GEO_065_001",7
"IMPC_GEO_066_001",7
"IMPC_GEO_067_001",7
"IMPC_GEO_068_001",7
"IMPC_GEO_068_001",9
"IMPC_GEO_069_001",7
"IMPC_GEO_069_001",9
"IMPC_GEO_070_001",7
"IMPC_GEO_071_001",7
"IMPC_IPG_001_001",1
"IMPC_IPG_002_001",4
"IMPC_IPG_002_001",6
"IMPC_IPG_003_001",11
"IMPC_IPG_004_001",11
"IMPC_IPG_005_001",11
"IMPC_IPG_006_001",11
"IMPC_IPG_008_001",11
"IMPC_IPG_009_001",4
"IMPC_IPG_010_001",4
"IMPC_IPG_010_001",6
"IMPC_IPG_011_001",3
"IMPC_IPG_011_001",6
"IMPC_IPG_011_001",8
"IMPC_IPG_012_001",1
"IMPC_IPG_012_001",3
"IMPC_IPG_012_001",6
"IMPC_IPG_012_001",8
"IMPC_INS_001_001",6
"IMPC_INS_002_001",11
"IMPC_INS_003_001",11
"IMPC_INS_004_001",11
"IMPC_INS_005_001",11
"IMPC_INS_006_001",11
"IMPC_INS_007_001",11
"IMPC_INS_008_001",4
"IMPC_INS_009_001",4
"IMPC_INS_010_001",4
"IMPC_INS_010_001",11
"IMPC_INS_012_001",4
"IMPC_INS_014_001",11
"IMPC_INS_015_001",11
"IMPC_INS_016_001",11
"IMPC_INS_018_001",4
"IMPC_INS_018_001",11
"IMPC_INS_020_001",4
"IMPC_INS_020_001",11
"IMPC_INS_021_001",4
"IMPC_INS_021_001",11
"IMPC_INS_022_001",4
"IMPC_INS_023_001",11
"IMPC_GEP_076_001",7
"IMPC_GEP_079_001",7
"IMPC_GEP_080_001",7
"IMPC_GEP_082_001",7
"IMPC_GEP_084_001",7
"IMPC_GEP_085_001",7
"IMPC_GEP_085_001",9
"IMPC_GEP_086_001",7
"IMPC_GEP_086_001",9
"IMPC_GEP_087_001",7
"IMPC_ABR_001_001",1
"IMPC_ABR_002_001",4
"IMPC_ABR_002_001",8
"IMPC_ABR_003_001",2
"IMPC_ABR_003_001",8
"IMPC_ABR_004_001",4
"IMPC_ABR_004_001",8
"IMPC_ABR_005_001",2
"IMPC_ABR_005_001",8
"IMPC_ABR_006_001",4
"IMPC_ABR_006_001",8
"IMPC_ABR_007_001",2
"IMPC_ABR_007_001",8
"IMPC_ABR_008_001",4
"IMPC_ABR_008_001",8
"IMPC_ABR_009_001",2
"IMPC_ABR_009_001",8
"IMPC_ABR_010_001",4
"IMPC_ABR_010_001",8
"IMPC_ABR_011_001",2
"IMPC_ABR_011_001",8
"IMPC_ABR_012_001",4
"IMPC_ABR_012_001",8
"IMPC_ABR_013_001",2
"IMPC_ABR_013_001",8
"IMPC_ABR_014_001",2
"IMPC_ABR_014_001",8
"IMPC_ABR_015_001",2
"IMPC_ABR_015_001",8
"IMPC_ABR_016_001",5
"IMPC_ABR_017_001",2
"IMPC_ABR_017_001",8
"IMPC_ABR_018_001",2
"IMPC_ABR_018_001",8
"IMPC_ABR_019_001",2
"IMPC_ABR_019_001",8
"IMPC_ABR_020_001",8
"IMPC_ABR_021_001",8
"IMPC_ABR_022_001",8
"IMPC_ABR_023_001",8
"IMPC_ABR_024_001",8
"IMPC_ABR_025_001",8
"IMPC_ABR_026_001",8
"IMPC_ABR_027_001",8
"IMPC_ABR_029_001",8
"IMPC_ABR_030_001",8
"IMPC_ABR_031_001",8
"IMPC_ABR_032_001",8
"IMPC_ABR_033_001",8
"IMPC_ABR_034_001",8
"IMPC_ABR_035_001",8
"IMPC_ABR_036_001",1
"IMPC_ABR_036_001",7
"IMPC_ABR_036_001",8
"IMPC_ABR_037_001",8
"IMPC_ABR_038_001",8
"IMPC_ABR_039_001",4
"IMPC_ABR_042_001",10
"IMPC_ABR_043_001",10
"IMPC_ABR_044_001",10
"IMPC_ABR_045_001",10
"IMPC_ABR_046_001",10
"IMPC_ABR_049_001",11
"IMPC_ABR_050_001",11
"IMPC_ABR_051_001",11
"IMPC_ABR_053_001",11
"IMPC_ABR_054_001",4
"IMPC_CHL_001_001",1
"IMPC_CHL_002_001",8
"IMPC_CHL_003_001",1
"IMPC_CHL_003_001",11
"IMPC_CHL_004_001",1
"IMPC_CHL_013_001",4
"IMPC_CHL_018_001",11
"IMPC_CHL_019_001",11
"IMPC_CHL_020_001",11
"IMPC_CHL_021_001",11
"IMPC_CHL_022_001",4
"IMPC_CHL_027_001",11
"IMPC_CHL_029_001",1
"IMPC_EYE_001_001",5
"IMPC_EYE_002_001",5
"IMPC_EYE_003_001",4
"IMPC_EYE_003_001",5
"IMPC_EYE_004_001",5
"IMPC_EYE_004_001",7
"IMPC_EYE_004_001",11
"IMPC_EYE_005_001",5
"IMPC_EYE_005_001",11
"IMPC_EYE_006_001",5
"IMPC_EYE_007_001",5
"IMPC_EYE_008_001",5
"IMPC_EYE_009_001",4
"IMPC_EYE_009_001",5
"IMPC_EYE_010_001",5
"IMPC_EYE_011_001",5
"IMPC_EYE_012_001",5
"IMPC_EYE_012_001",7
"IMPC_EYE_013_001",5
"IMPC_EYE_014_001",3
"IMPC_EYE_014_001",5
"IMPC_EYE_014_001",8
"IMPC_EYE_015_001",5
"IMPC_EYE_016_001",5
"IMPC_EYE_017_001",5
"IMPC_EYE_018_001",5
"IMPC_EYE_023_001",5
"IMPC_EYE_024_001",4
"IMPC_EYE_024_001",5
"IMPC_EYE_025_001",4
"IMPC_EYE_025_001",5
"IMPC_EYE_026_001",4
"IMPC_EYE_026_001",5
"IMPC_EYE_026_001",7
"IMPC_EYE_027_001",4
"IMPC_EYE_027_001",11
"IMPC_EYE_030_001",11
"IMPC_EYE_031_001",11
"IMPC_EYE_032_001",11
"IMPC_EYE_033_001",11
"IMPC_EYE_034_001",11
"IMPC_EYE_035_001",11
"IMPC_EYE_036_001",11
"IMPC_EYE_037_001",5
"IMPC_EYE_037_001",11
"IMPC_EYE_038_001",5
"IMPC_EYE_038_001",11
"IMPC_EYE_039_001",5
"IMPC_EYE_039_001",11
"IMPC_EYE_040_001",5
"IMPC_EYE_040_001",11
"IMPC_EYE_041_001",5
"IMPC_EYE_041_001",11
"IMPC_EYE_042_001",5
"IMPC_EYE_042_001",11
"IMPC_EYE_043_001",11
"IMPC_EYE_044_001",10
"IMPC_EYE_045_001",10
"IMPC_EYE_046_001",4
"IMPC_EYE_047_001",4
"IMPC_EYE_048_001",4
"IMPC_EYE_048_001",5
"IMPC_EYE_049_001",4
"IMPC_EYE_050_001",2
"IMPC_EYE_051_001",2
"IMPC_EYE_052_001",5
"IMPC_EYE_053_001",5
"IMPC_EYE_054_001",1
"IMPC_EYE_054_001",5
"IMPC_EYE_055_001",1
"IMPC_EYE_055_001",5
"IMPC_EYE_056_001",1
"IMPC_EYE_056_001",5
"IMPC_EYE_057_001",1
"IMPC_EYE_057_001",5
"IMPC_EYE_058_001",1
"IMPC_EYE_058_001",5
"IMPC_EYE_059_001",1
"IMPC_EYE_059_001",5
"IMPC_EYE_060_001",5
"IMPC_EYE_062_001",5
"IMPC_EYE_063_001",5
"IMPC_EYE_063_001",8
"IMPC_EYE_064_001",5
"IMPC_EYE_064_001",8
"IMPC_EYE_066_001",5
"IMPC_EYE_068_001",5
"IMPC_EYE_069_001",5
"IMPC_EYE_069_001",8
"IMPC_EYE_070_001",5
"IMPC_EYE_070_001",8
"IMPC_EYE_072_001",2
"IMPC_EYE_072_001",5
"IMPC_EYE_073_001",2
"IMPC_EYE_073_001",5
"IMPC_EYE_076_001",2
"IMPC_EYE_076_001",5
"IMPC_EYE_077_001",2
"IMPC_EYE_077_001",5
"IMPC_EYE_078_001",5
"IMPC_EYE_079_001",5
"IMPC_EYE_080_001",5
"IMPC_EYE_081_001",5
"IMPC_EYE_082_001",5
"IMPC_EYE_083_001",5
"IMPC_EYE_084_001",5
"IMPC_EYE_085_001",5
"IMPC_EYE_087_001",5
"IMPC_EYE_088_001",5
"IMPC_EYE_089_001",5
"IMPC_EYE_089_001",11
"IMPC_EYE_090_001",5
"IMPC_EYE_091_001",5
"IMPC_EYE_092_001",5
"IMPC_CSD_002_001",1
"IMPC_CSD_002_001",7
"IMPC_CSD_004_001",7
"IMPC_CSD_005_001",5
"IMPC_CSD_006_001",5
"IMPC_CSD_007_001",5
"IMPC_CSD_008_001",5
"IMPC_CSD_008_001",7
"IMPC_CSD_009_001",5
"IMPC_CSD_009_001",7
"IMPC_CSD_010_001",5
"IMPC_CSD_010_001",7
"IMPC_CSD_014_001",8
"IMPC_CSD_015_001",8
"IMPC_CSD_016_001",8
"IMPC_CSD_017_001",7
"IMPC_CSD_018_001",7
"IMPC_CSD_019_001",1
"IMPC_CSD_019_001",7
"IMPC_CSD_020_001",7
"IMPC_CSD_021_001",7
"IMPC_CSD_022_001",1
"IMPC_CSD_022_001",7
"IMPC_CSD_024_001",8
"IMPC_CSD_025_001",1
"IMPC_CSD_025_001",7
"IMPC_CSD_026_001",7
"IMPC_CSD_027_001",8
"IMPC_CSD_028_001",1
"IMPC_CSD_028_001",7
"IMPC_CSD_036_001",3
"IMPC_CSD_036_001",8
"IMPC_CSD_039_001",7
"IMPC_CSD_046_001",1
"IMPC_CSD_046_001",7
"IMPC_CSD_047_001",1
"IMPC_CSD_047_001",7
"IMPC_CSD_056_001",5
"IMPC_CSD_057_001",5
"IMPC_CSD_058_001",5
"IMPC_CSD_058_001",8
"IMPC_CSD_059_001",5
"IMPC_CSD_060_001",5
"IMPC_CSD_061_001",5
"IMPC_CSD_064_001",8
"IMPC_CSD_069_001",8
"IMPC_CSD_070_001",8
"IMPC_CSD_072_001",1
"IMPC_CSD_072_001",7
"IMPC_CSD_073_001",7
"IMPC_CSD_074_001",7
"IMPC_CSD_075_001",7
"IMPC_CSD_076_001",7
"IMPC_CSD_081_001",11
"IMPC_CSD_085_001",2
"IMPC_CSD_086_001",1
"IMPC_CSD_086_001",7
"IMPC_CSD_040_002",1
"IMPC_CSD_040_002",7
"IMPC_CSD_041_002",1
"IMPC_CSD_041_002",7
"IMPC_CSD_042_002",7
"IMPC_CSD_043_002",7
"IMPC_CSD_044_002",7
"IMPC_CSD_045_002",7
"IMPC_CSD_048_002",7
"IMPC_CSD_049_002",7
"IMPC_CSD_050_002",7
"IMPC_CSD_051_002",7
"IMPC_CSD_053_002",1
"IMPC_CSD_053_002",7
"IMPC_CSD_052_002",1
"IMPC_CSD_052_002",7
"IMPC_CSD_054_002",7
"IMPC_CSD_055_002",7
"IMPC_EXD_003_002",11
"IMPC_EXD_133_001",1
"IMPC_EXD_133_001",11
"IMPC_EXD_006_001",11
"IMPC_EXD_007_001",8
"IMPC_EXD_007_001",11
"IMPC_EXD_008_001",11
"IMPC_EXD_009_001",11
"IMPC_EXD_012_002",11
"IMPC_EXD_014_001",4
"IMPC_EXD_098_002",4
"IMPC_EXD_127_001",4
"IMPC_EXD_129_001",4
"IMPC_EXD_129_001",11
"IMPC_EXD_130_001",4
"IMPC_EXD_130_001",11
"IMPC_EXD_131_001",4
"IMPC_EXD_135_001",11
"IMPC_EXD_136_001",11
"IMPC_EXD_015_001",4
"IMPC_EXD_015_001",11
"IMPC_HEM_001_001",4
"IMPC_HEM_002_001",4
"IMPC_HEM_005_001",1
"IMPC_HEM_009_001",11
"IMPC_HEM_010_001",11
"IMPC_HEM_011_001",11
"IMPC_HEM_012_001",4
"IMPC_HEM_013_001",4
"IMPC_HEM_013_001",11
"IMPC_HEM_018_001",11
"IMPC_HEM_020_001",4
"IMPC_HEM_020_001",11
"IMPC_HEM_021_001",4
"IMPC_HEM_024_001",4
"IMPC_HEM_024_001",11
"IMPC_HEM_025_001",4
"IMPC_HEM_026_001",4
"IMPC_HEM_015_001",4
"IMPC_HEM_017_001",4
"IMPC_HEM_017_001",11
"IMPC_HEM_019_001",1
"IMPC_HEM_027_001",4
"IMPC_HEM_027_001",11
"IMPC_HEM_037_001",11
"IMPC_HEM_038_001",11
"IMPC_HEM_041_001",11
"IMPC_HEM_042_001",11
"IMPC_EXD_001_001",1
"IMPC_EXD_001_001",11
"IMPC_EXD_011_001",11
"IMPC_EXD_012_001",11
"IMPC_EXD_016_001",1
"IMPC_EXD_022_001",8
"IMPC_EXD_023_001",8
"IMPC_EXD_025_001",2
"IMPC_EXD_033_001",6
"IMPC_EXD_036_001",1
"IMPC_EXD_036_001",4
"IMPC_EXD_036_001",8
"IMPC_EXD_040_001",4
"IMPC_EXD_045_001",9
"IMPC_EXD_046_001",9
"IMPC_EXD_047_001",1
"IMPC_EXD_048_001",1
"IMPC_EXD_048_001",4
"IMPC_EXD_048_001",8
"IMPC_EXD_053_001",8
"IMPC_EXD_061_001",4
"IMPC_EXD_065_001",6
"IMPC_EXD_066_001",9
"IMPC_EXD_069_001",1
"IMPC_EXD_076_001",8
"IMPC_EXD_077_001",8
"IMPC_EXD_079_001",2
"IMPC_EXD_087_001",1
"IMPC_EXD_087_001",4
"IMPC_EXD_087_001",8
"IMPC_EXD_090_001",4
"IMPC_EXD_093_001",6
"IMPC_EXD_094_001",9
"IMPC_EXD_095_001",9
"IMPC_EXD_099_001",1
"IMPC_EXD_105_001",8
"IMPC_EXD_106_001",8
"IMPC_EXD_108_001",2
"IMPC_EXD_115_001",1
"IMPC_EXD_115_001",4
"IMPC_EXD_115_001",8
"IMPC_EXD_119_001",4
"IMPC_EXD_122_001",6
"IMPC_EXD_123_001",9
"IMPC_EXD_125_001",8
"IMPC_VIA_035_001",11
"IMPC_VIA_036_001",11
"IMPC_VIA_037_001",11
"IMPC_VIA_038_001",11
"IMPC_VIA_039_001",11
"IMPC_VIA_059_001",9
"IMPC_VIA_060_001",9
"IMPC_VIA_026_001",8
"IMPC_VIA_030_001",11
"IMPC_VIA_068_001",9
"IMPC_DXA_001_001",1
"IMPC_DXA_002_001",1
"IMPC_DXA_003_001",1
"IMPC_DXA_004_001",1
"IMPC_DXA_005_001",1
"IMPC_DXA_006_001",1
"IMPC_DXA_006_001",7
"IMPC_DXA_007_001",1
"IMPC_DXA_008_001",1
"IMPC_DXA_009_001",1
"IMPC_DXA_010_001",1
"IMPC_DXA_011_001",11
"IMPC_DXA_012_001",11
"IMPC_DXA_013_001",11
"IMPC_DXA_016_001",11
"IMPC_DXA_017_001",4
"IMPC_OWT_001_001",1
"IMPC_OWT_002_001",1
"IMPC_OWT_003_001",1
"IMPC_OWT_003_001",11
"IMPC_OWT_004_001",1
"IMPC_OWT_004_001",11
"IMPC_OWT_005_001",1
"IMPC_OWT_005_001",11
"IMPC_OWT_007_001",1
"IMPC_OWT_008_001",1
"IMPC_OWT_009_001",1
"IMPC_OWT_009_001",11
"IMPC_OWT_010_001",1
"IMPC_OWT_010_001",11
"IMPC_OWT_012_001",1
"IMPC_OWT_012_001",11
"IMPC_OWT_013_001",1
"IMPC_OWT_014_001",11
"IMPC_OWT_016_001",11
"IMPC_OWT_017_001",11
"IMPC_OWT_018_001",4
"IMPC_OWT_019_001",11
"IMPC_OWT_020_001",11
"IMPC_OWT_021_001",1
"IMPC_OWT_021_001",9
"IMPC_OWT_022_001",1
"IMPC_OWT_022_001",9
"IMPC_OWT_023_001",1
"IMPC_OWT_024_001",1
"IMPC_OWT_024_001",3
"IMPC_OWT_025_001",1
"IMPC_OWT_026_001",1
"IMPC_OWT_026_001",9
"IMPC_OWT_027_001",1
"IMPC_OWT_027_001",9
"IMPC_OWT_028_001",1
"IMPC_OWT_029_001",1
"IMPC_OWT_029_001",3
"IMPC_OWT_030_001",1
"IMPC_OWT_031_001",1
"IMPC_XRY_001_001",7
"IMPC_XRY_002_001",1
"IMPC_XRY_010_001",7
"IMPC_XRY_018_001",7
"IMPC_XRY_032_001",2
"IMPC_XRY_033_001",1
"IMPC_XRY_033_001",7
"IMPC_XRY_034_001",2
"IMPC_XRY_036_001",11
"IMPC_XRY_037_001",11
"IMPC_XRY_038_001",11
"IMPC_XRY_039_001",10
"IMPC_XRY_041_001",2
"IMPC_XRY_041_001",11
"IMPC_XRY_042_001",11
"IMPC_XRY_044_001",2
"IMPC_XRY_044_001",11
"IMPC_XRY_045_001",2
"IMPC_XRY_045_001",11
"IMPC_XRY_046_001",2
"IMPC_XRY_046_001",11
"IMPC_XRY_047_001",4
"IMPC_XRY_048_001",2
"IMPC_XRY_049_001",2
"IMPC_XRY_050_001",2
"IMPC_XRY_051_001",2
"IMPC_XRY_052_001",2
"IMPC_XRY_053_001",2
"IMPC_XRY_053_001",4
"IMPC_XRY_055_001",7
"IMPC_XRY_059_001",7
"IMPC_XRY_069_001",7
"IMPC_XRY_070_001",7
"IMPC_XRY_071_001",7
"IMPC_XRY_072_001",7
"IMPC_XRY_073_001",7
"IMPC_XRY_074_001",7
"IMPC_GPL_001_001",7
"IMPC_GPL_002_001",7
"IMPC_GPL_004_001",1
"IMPC_GPL_004_001",7
"IMPC_GPL_005_001",7
"IMPC_GPL_006_001",2
"IMPC_GPL_007_001",2
"IMPC_GPL_008_001",11
"IMPC_GPL_009_001",11
"IMPC_GPL_010_001",11
"IMPC_GPL_011_001",11
"IMPC_GPL_017_001",4
"IMPC_HIS_001_001",3
"IMPC_HIS_002_001",3
"IMPC_HIS_003_001",3
"IMPC_HIS_004_001",3
"IMPC_HIS_005_001",3
"IMPC_HIS_006_001",3
"IMPC_HIS_007_001",3
"IMPC_HIS_007_001",5
"IMPC_HIS_008_001",5
"IMPC_HIS_009_001",3
"IMPC_HIS_009_001",5
"IMPC_HIS_010_001",5
"IMPC_HIS_011_001",5
"IMPC_HIS_012_001",5
"IMPC_HIS_013_001",3
"IMPC_HIS_014_001",3
"IMPC_HIS_015_001",3
"IMPC_HIS_016_001",3
"IMPC_HIS_017_001",3
"IMPC_HIS_018_001",3
"IMPC_HIS_025_001",11
"IMPC_HIS_026_001",11
"IMPC_HIS_027_001",11
"IMPC_HIS_028_001",11
"IMPC_HIS_029_001",11
"IMPC_HIS_030_001",11
"IMPC_HIS_031_001",4
"IMPC_HIS_031_001",8
"IMPC_HIS_032_001",4
"IMPC_HIS_032_001",8
"IMPC_HIS_033_001",4
"IMPC_HIS_033_001",8
"IMPC_HIS_034_001",4
"IMPC_HIS_034_001",8
"IMPC_HIS_035_001",4
"IMPC_HIS_035_001",8
"IMPC_HIS_036_001",4
"IMPC_HIS_036_001",8
"IMPC_HIS_043_001",11
"IMPC_HIS_044_001",11
"IMPC_HIS_045_001",11
"IMPC_HIS_046_001",11
"IMPC_HIS_047_001",11
"IMPC_HIS_048_001",11
"IMPC_HIS_097_001",11
"IMPC_HIS_098_001",11
"IMPC_HIS_099_001",11
"IMPC_HIS_100_001",11
"IMPC_HIS_101_001",11
"IMPC_HIS_102_001",11
"IMPC_HIS_127_001",1
"IMPC_HIS_128_001",1
"IMPC_HIS_129_001",1
"IMPC_HIS_130_001",1
"IMPC_HIS_131_001",1
"IMPC_HIS_132_001",1
"IMPC_HIS_140_001",9
"IMPC_HIS_142_001",9
"IMPC_HIS_143_001",9
"IMPC_HIS_144_001",9
"IMPC_HIS_145_001",11
"IMPC_HIS_146_001",11
"IMPC_HIS_147_001",11
"IMPC_HIS_148_001",11
"IMPC_HIS_149_001",11
"IMPC_HIS_150_001",11
"IMPC_HIS_163_001",9
"IMPC_HIS_164_001",9
"IMPC_HIS_165_001",9
"IMPC_HIS_166_001",9
"IMPC_HIS_167_001",9
"IMPC_HIS_168_001",9
"IMPC_HIS_177_001",2
"IMPC_HIS_208_001",11
"IMPC_HIS_230_001",1
"IMPC_HIS_231_001",1
"IMPC_HIS_232_001",1
"IMPC_HIS_233_001",1
"IMPC_HIS_234_001",1
"IMPC_HIS_235_001",1
"IMPC_HIS_236_001",1
"IMPC_HIS_237_001",1
"IMPC_HIS_238_001",1
"IMPC_HIS_239_001",1
"IMPC_HIS_240_001",1
"IMPC_HIS_241_001",1
"IMPC_HIS_242_001",1
"IMPC_HIS_243_001",1
"IMPC_HIS_258_001",3
"IMPC_HIS_259_001",3
"IMPC_HIS_260_001",3
"IMPC_HIS_261_001",3
"IMPC_HIS_262_001",3
"IMPC_HIS_263_001",3
"IMPC_HIS_264_001",3
"IMPC_HIS_272_001",8
"IMPC_HIS_273_001",8
"IMPC_HIS_274_001",8
"IMPC_HIS_275_001",8
"IMPC_HIS_276_001",8
"IMPC_HIS_277_001",8
"IMPC_HIS_278_001",8
"IMPC_HIS_293_001",3
"IMPC_HIS_294_001",3
"IMPC_HIS_295_001",3
"IMPC_HIS_296_001",3
"IMPC_HIS_297_001",3
"IMPC_HIS_298_001",3
"IMPC_HIS_299_001",3
"IMPC_HIS_300_001",3
"IMPC_HIS_301_001",3
"IMPC_HIS_301_001",5
"IMPC_HIS_302_001",3
"IMPC_HIS_304_001",11
"IMPC_HIS_305_001",4
"IMPC_HIS_305_001",8
"IMPC_HIS_307_001",11
"IMPC_HIS_316_001",11
"IMPC_HIS_321_001",1
"IMPC_HIS_324_001",11
"IMPC_HIS_327_001",9
"IMPC_HIS_332_001",1
"IMPC_HIS_333_001",1
"IMPC_HIS_336_001",3
"IMPC_HIS_338_001",8
"IMPC_HIS_341_001",3
"IMPC_HIS_342_001",1
"IMPC_HIS_343_001",1
"IMPC_HIS_344_001",1
"IMPC_HIS_345_001",1
"IMPC_HIS_346_001",1
"IMPC_HIS_347_001",1
"IMPC_HIS_348_001",1
"IMPC_HIS_349_001",1
"IMPC_HIS_179_002",3
"IMPC_HIS_180_002",5
"IMPC_HIS_181_002",3
"IMPC_HIS_183_002",11
"IMPC_HIS_184_002",4
"IMPC_HIS_184_002",8
"IMPC_HIS_186_002",11
"IMPC_HIS_195_002",11
"IMPC_HIS_200_002",1
"IMPC_HIS_202_002",9
"IMPC_HIS_203_002",11
"IMPC_HIS_206_002",9
"IMPC_FOR_012_001",11
"IMPC_FOR_013_001",1
"IMPC_FOR_013_001",7
"IMPC_FOR_015_001",11
"IMPC_FOR_026_001",11
"IMPC_GPM_001_001",7
"IMPC_GPM_002_001",7
"IMPC_GPM_004_001",1
"IMPC_GPM_004_001",7
"IMPC_GPM_005_001",7
"IMPC_GPM_006_001",2
"IMPC_GPM_007_001",2
"IMPC_GPM_008_001",11
"IMPC_GPM_009_001",11
"IMPC_GPM_010_001",11
"IMPC_GPM_011_001",11
"IMPC_GPM_017_001",4
"IMPC_GPM_018_001",5
"IMPC_EYE_020_001",5
"IMPC_EYE_021_001",5
"IMPC_EYE_022_001",5
"IMPC_EML_007_001",1
"IMPC_EML_007_001",2
"IMPC_EML_007_001",7
"IMPC_EML_014_001",2
"IMPC_EML_004_001",11
"IMPC_EML_003_001",11
"IMPC_EML_008_001",11
"IMPC_EML_017_001",2
"IMPC_EML_001_001",9
"IMPC_EML_002_001",11
"IMPC_EML_011_001",4
"IMPC_EML_005_001",11
"IMPC_FEA_019_001",8
"IMPC_FEA_020_001",8
"IMPC_FEA_021_001",8
"IMPC_FEA_022_001",8
"IMPC_FEA_023_001",8
"IMPC_FEA_024_001",8
"IMPC_FEA_029_001",7
"IMPC_FEA_033_001",1
"IMPC_FEA_033_001",7
"IMPC_FEA_034_001",8
"IMPC_FEA_035_001",8
"IMPC_FEA_036_001",1
"IMPC_FEA_036_001",7
"IMPC_FEA_036_001",8
"IMPC_FEA_037_001",8
"IMPC_FEA_038_001",1
"IMPC_FEA_038_001",7
"IMPC_FEA_038_001",8
"IMPC_FEA_039_001",1
"IMPC_FEA_039_001",7
"IMPC_FEA_039_001",8
"IMPC_FEA_045_001",7
"IMPC_FEA_053_001",7
"IMPC_FEA_057_001",1
"IMPC_FEA_057_001",7
"IMPC_FEA_058_001",8
"IMPC_FEA_059_001",8
"IMPC_FEA_060_001",3
"IMPC_FEA_060_001",8
"IMPC_FEA_061_001",1
"IMPC_FEA_061_001",7
"IMPC_FEA_061_001",8
"IMPC_FEA_063_001",11
"IMPC_FEA_064_001",11
"IMPC_FEA_065_001",11
"IMPC_FEA_066_001",11
"IMPC_FEA_067_001",11
"IMPC_FEA_069_001",8
"IMPC_FEA_069_001",11
"IMPC_FEA_070_001",8
"IMPC_FEA_070_001",11
"IMPC_FEA_071_001",8
"IMPC_FEA_072_001",11
"IMPC_FEA_073_001",11
"IMPC_FEA_074_001",11
"IMPC_FEA_075_001",4
"IMPC_FEA_076_001",4
"IMPC_FEA_076_001",8
"IMPC_FEA_078_001",8
"IMPC_FEA_079_001",8
"IMPC_FEA_080_001",8
"IMPC_FEA_082_001",8
"IMPC_FEA_083_001",8
"IMPC_FEA_084_001",8
"IMPC_FEA_086_001",8
"IMPC_FEA_087_001",8
"IMPC_FEA_089_001",8
"IMPC_FEA_090_001",8
"IMPC_FEA_091_001",8
"IMPC_FEA_092_001",8
"IMPC_FEA_093_001",8
"IMPC_FEA_094_001",8
"IMPC_FEA_106_001",8
"IMPC_FEA_108_001",1
"IMPC_FEA_108_001",7
"IMPC_FEA_108_001",8
"IMPC_GPO_001_001",7
"IMPC_GPO_002_001",7
"IMPC_GPO_004_001",1
"IMPC_GPO_004_001",7
"IMPC_GPO_005_001",7
"IMPC_GPO_006_001",2
"IMPC_GPO_007_001",2
"IMPC_GPO_008_001",11
"IMPC_GPO_009_001",11
"IMPC_GPO_010_001",11
"IMPC_GPO_011_001",11
"IMPC_GPO_017_001",4
"IMPC_CAL_029_001",11
"IMPC_CAL_035_001",1
"IMPC_CAL_035_001",7
"IMPC_CAL_036_001",2
"IMPC_CAL_036_001",4
"IMPC_CAL_040_001",11
"IMPC_HIS_351_001",1
"IMPC_HIS_342_002",1
"IMPC_HIS_344_002",1
"IMPC_HIS_352_001",1
"IMPC_HIS_230_002",1
"IMPC_HIS_232_002",1
"IMPC_HIS_353_001",3
"IMPC_HIS_001_002",3
"IMPC_HIS_003_002",3
"IMPC_HIS_354_001",1
"IMPC_HIS_237_002",1
"IMPC_HIS_239_002",1
"IMPC_HIS_355_001",8
"IMPC_HIS_272_002",8
"IMPC_HIS_274_002",8
"IMPC_HIS_356_001",11
"IMPC_HIS_145_002",11
"IMPC_HIS_147_002",11
"IMPC_HIS_357_001",11
"IMPC_HIS_043_002",11
"IMPC_HIS_045_002",11
"IMPC_HIS_358_001",5
"IMPC_HIS_007_002",5
"IMPC_HIS_009_002",5
"IMPC_HIS_361_001",4
"IMPC_HIS_361_001",8
"IMPC_HIS_031_002",4
"IMPC_HIS_031_002",8
"IMPC_HIS_033_002",4
"IMPC_HIS_033_002",8
"IMPC_HIS_362_001",11
"IMPC_HIS_097_002",11
"IMPC_HIS_099_002",11
"IMPC_HIS_370_001",9
"IMPC_HIS_163_002",9
"IMPC_HIS_165_002",9
"IMPC_HIS_373_001",3
"IMPC_HIS_375_001",3
"IMPC_HIS_376_001",3
"IMPC_HIS_377_001",3
"IMPC_HIS_382_001",3
"IMPC_HIS_293_002",3
"IMPC_HIS_295_002",3
"IMPC_HIS_384_001",1
"IMPC_HIS_127_002",1
"IMPC_HIS_129_002",1
"IMPC_HIS_387_001",3
"IMPC_HIS_013_002",3
"IMPC_HIS_015_002",3
"IMPC_HIS_391_001",9
"IMPC_HIS_139_002",9
"IMPC_HIS_141_002",9
"IMPC_HIS_393_001",11
"IMPC_HIS_025_002",11
"IMPC_HIS_027_002",11
"IMPC_HIS_398_001",3
"IMPC_HIS_258_002",3
"IMPC_HIS_260_002",3
"IMPC_HIS_402_001",1
"IMPC_HIS_404_001",1
"IMPC_HIS_405_001",1
"IMPC_HIS_406_001",1
"IMPC_HIS_345_002",1
"IMPC_HIS_348_002",1
"IMPC_HIS_372_001",3
"IMPC_HIS_374_001",3
"IMPC_HIS_378_001",3
"IMPC_HIS_379_001",3
"IMPC_HIS_401_001",1
"IMPC_HIS_403_001",1
"IMPC_HIS_407_001",1
"IMPC_HIS_408_001",1
"IMPC_HIS_409_001",1
"IMPC_HIS_410_001",1
"IMPC_HIS_411_001",1
"IMPC_HIS_412_001",1
"IMPC_HIS_413_001",1
"IMPC_HIS_414_001",1
"IMPC_HIS_415_001",1
"IMPC_HIS_416_001",1
"IMPC_HIS_417_001",3
"IMPC_HIS_417_001",5
"IMPC_HIS_418_001",3
"IMPC_HIS_418_001",5
"IMPC_HIS_419_001",3
"IMPC_HIS_419_001",5
"IMPC_HIS_420_001",3
"IMPC_HIS_420_001",5
"IMPC_HIS_421_001",3
"IMPC_HIS_421_001",5
"IMPC_HIS_422_001",3
"IMPC_HIS_422_001",5
"IMPC_HIS_423_001",3
"IMPC_HIS_423_001",5
"IMPC_HIS_424_001",3
"IMPC_HIS_424_001",5
"IMPC_YMZ_016_001",1
"IMPC_YMZ_016_001",10
"IMPC_YMZ_017_001",11
"IMPC_YMZ_018_001",11
"IMPC_YMZ_020_001",11
"IMPC_YMZ_021_001",11
"IMPC_YMZ_022_001",11
"IMPC_YMZ_023_001",11
"IMPC_YMZ_024_001",11
"IMPC_YMZ_025_001",11
"IMPC_YMZ_026_001",11
"IMPC_YMZ_027_001",4
"IMPC_LDT_001_001",11
"IMPC_LDT_002_001",11
"IMPC_LDT_003_001",11
"IMPC_LDT_004_001",11
"IMPC_LDT_005_001",11
"IMPC_LDT_010_001",11
"IMPC_LDT_011_001",11
"IMPC_LDT_012_001",8
"IMPC_LDT_018_001",11
"IMPC_LDT_020_001",11
"IMPC_LDT_022_001",11
"IMPC_LDT_023_001",11
"IMPC_LDT_024_001",11
"IMPC_LDT_029_001",11
"IMPC_LDT_030_001",11
"IMPC_LDT_032_001",11
"IMPC_GPP_001_001",7
"IMPC_GPP_002_001",7
"IMPC_GPP_004_001",1
"IMPC_GPP_004_001",7
"IMPC_GPP_005_001",7
"IMPC_GPP_006_001",2
"IMPC_GPP_007_001",2
"IMPC_GPP_008_001",11
"IMPC_GPP_009_001",11
"IMPC_GPP_010_001",11
"IMPC_GPP_011_001",11
"IMPC_GPP_017_001",4
"IMPC_GPP_018_001",5
"IMPC_VIA_017_001",1
"IMPC_VIA_017_001",7
"IMPC_VIA_031_001",4
"IMPC_WEL_003_001",2
"IMPC_EOL_001_001",9
"IMPC_EOL_002_001",11
"IMPC_EOL_003_001",11
"IMPC_EOL_004_001",11
"IMPC_EOL_005_001",11
"IMPC_EOL_006_001",1
"IMPC_EOL_006_001",2
"IMPC_EOL_006_001",7
"IMPC_EOL_007_001",11
"IMPC_EOL_008_001",4
"IMPC_EOL_011_001",2
"IMPC_EOL_012_001",2
"IMPC_EMO_001_001",9
"IMPC_EMO_002_001",11
"IMPC_EMO_003_001",11
"IMPC_EMO_004_001",11
"IMPC_EMO_005_001",11
"IMPC_EMO_007_001",1
"IMPC_EMO_007_001",2
"IMPC_EMO_007_001",7
"IMPC_EMO_008_001",11
"IMPC_EMO_011_001",4
"IMPC_EMO_014_001",2
"IMPC_EMO_017_002",2
"IMPC_EMO_018_001",3
"IMPC_EMO_020_001",3
"IMPC_EMO_022_001",4
"IMPC_EMO_023_001",4
"IMPC_EMO_024_001",4
"IMPC_EMO_024_001",8
"IMPC_EMO_025_001",1
"IMPC_EMO_028_001",1
"IMPC_EMO_030_001",4
"IMPC_EMO_030_001",11
"IMPC_EMO_032_001",3
"IMPC_EMO_033_001",3
"IMPC_EMO_033_001",11
"IMPC_EMO_034_001",3
"IMPC_EMO_034_001",11
"IMPC_EMO_037_001",3
"IMPC_EMO_038_001",4
"IMPC_EMO_039_001",4
"IMPC_EMO_040_001",3
"IMPC_EMO_041_001",7
"IMPC_EMO_042_001",4
"IMPC_EMO_045_001",3
"IMPC_EMO_046_001",11
"IMPC_EMO_047_001",11
"IMPC_EMO_049_001",1
"IMPC_EMO_050_001",5
"IMPC_EMO_050_001",11
"IMPC_EMO_059_001",11
"IMPC_EMO_061_001",3
"IMPC_EMO_064_001",3
"IMPC_EMO_066_001",11
"IMPC_EMO_067_001",1
"IMPC_EMO_067_001",11
"IMPC_EMO_068_001",3
"IMPC_EMO_070_001",3
"IMPC_EMO_071_001",5
"IMPC_EMO_072_001",4
"IMPC_EMO_074_001",5
"IMPC_EMO_078_001",11
"IMPC_EMO_079_001",11
"IMPC_EMO_080_001",3
"IMPC_EMO_081_001",3
"IMPC_EMO_083_001",3
"IMPC_EMO_084_001",5
"IMPC_EMO_085_001",7
"IMPC_EMO_087_001",3
"IMPC_EMO_088_001",3
"IMPC_EMO_090_001",3
"IMPC_EMO_091_001",3
"IMPC_EMO_093_001",3
"IMPC_EMO_094_001",3
"IMPC_EMO_095_001",3
"IMPC_EMO_097_001",3
"IMPC_EMO_097_001",11
"IMPC_EMO_099_001",1
"IMPC_EMO_101_001",3
"IMPC_EMO_102_001",3
"IMPC_EMO_102_001",11
"IMPC_EMO_103_001",3
"IMPC_EMO_103_001",11
"IMPC_EMO_104_001",4
"IMPC_EMO_108_001",11
"IMPC_EMO_109_001",3
"IMPC_EMO_109_001",5
"IMPC_EMO_111_001",3
"IMPC_EMO_112_001",3
"IMPC_EMO_112_001",5
"IMPC_EMO_115_001",9
"IMPC_EMO_118_001",11
"IMPC_EMO_122_001",8
"IMPC_EMO_125_001",3
"IMPC_EMO_126_001",4
"IMPC_EMO_128_001",4
"IMPC_EMO_138_001",1
"IMPC_EMO_138_001",11
"IMPC_EMO_139_001",3
"IMPC_EMO_140_001",3
"IMPC_EMO_148_001",4
"IMPC_EMO_152_001",1
"IMPC_EMO_153_001",9
"IMPC_EMO_154_001",3
"IMPC_EMO_155_001",4
"IMPC_EMO_157_001",11
"IMPC_EMO_161_001",4
"IMPC_EMO_161_001",11
"IMPC_EMO_162_001",3
"IMPC_EMO_166_001",4
"IMPC_EMO_169_001",3
"IMPC_EMO_169_001",4
"IMPC_EMO_169_001",8
"IMPC_EMO_172_001",7
"IMPC_EMO_173_001",7
"IMPC_EMO_174_001",7
"IMPC_EMO_175_001",1
"IMPC_EMO_175_001",7
"IMPC_EMO_177_001",7
"IMPC_EMO_178_001",11
"IMPC_CBC_060_001",10
"IMPC_CBC_060_001",11
"IMPC_EMO_017_001",2
"IMPC_IMM_001_002",1
"IMPC_IMM_074_002",11
"IMPC_IMM_078_002",11
"IMPC_IMM_079_002",11
"IMPC_IMM_080_002",11
"IMPC_IMM_083_002",10
"IMPC_IMM_084_002",10
"IMPC_IMM_084_002",11
"IMPC_IMM_085_002",10
"IMPC_IMM_087_002",11
"IMPC_IMM_088_002",11
"IMPC_IMM_090_002",11
"IMPC_IMM_093_002",11
"IMPC_IMM_094_002",11
"IMPC_IMM_095_002",11
"IMPC_IMM_097_002",11
"IMPC_IMM_099_002",11
"IMPC_IMM_101_002",11
"IMPC_IMM_104_002",11
"IMPC_IMM_110_002",11
"IMPC_IMM_112_002",11
"IMPC_IMM_114_002",11
"IMPC_IMM_233_001",11
"IMPC_IMM_239_001",4
"IMPC_IMM_240_001",11
"IMPC_IMM_242_001",4
"IMPC_IMM_243_001",11
"IMPC_IMM_245_001",4
"IMPC_IMM_246_001",11
"IMPC_IMM_248_001",4
"IMPC_IMM_249_001",11
"IMPC_IMM_251_001",4
"IMPC_IMM_252_001",11
"IMPC_IMM_254_001",4
"IMPC_IMM_255_001",11
"IMPC_IMM_257_001",4
"IMPC_IMM_258_001",11
"IMPC_IMM_262_001",4
"IMPC_IMM_263_001",11
"IMPC_IMM_266_001",4
"IMPC_IMM_267_001",11
"IMPC_IMM_270_001",4
"IMPC_IMM_271_001",11
"IMPC_IMM_274_001",4
"IMPC_IMM_275_001",11
"IMPC_IMM_278_001",4
"IMPC_IMM_279_001",11
"IMPC_IMM_281_001",4
"IMPC_IMM_282_001",11
"IMPC_IMM_284_001",4
"IMPC_IMM_285_001",11
"IMPC_IMM_287_001",4
"IMPC_IMM_288_001",11
"IMPC_IMM_290_001",4
"IMPC_IMM_291_001",11
"IMPC_IMM_293_001",4
"IMPC_IMM_294_001",11
"IMPC_IMM_296_001",4
"IMPC_IMM_297_001",11
"IMPC_IMM_299_001",4
"IMPC_IMM_300_001",11
"IMPC_IMM_302_001",4
"IMPC_IMM_303_001",11
"IMPC_IMM_305_001",4
"IMPC_IMM_306_001",11
"IMPC_IMM_310_001",4
"IMPC_IMM_311_001",11
"IMPC_IMM_314_001",4
"IMPC_IMM_315_001",11
"IMPC_IMM_318_001",4
"IMPC_IMM_319_001",11
"IMPC_IMM_322_001",4
"IMPC_IMM_323_001",11
"IMPC_IMM_326_001",4
"IMPC_IMM_327_001",11
"IMPC_ELZ_001_001",9
"IMPC_ELZ_003_001",7
"IMPC_ELZ_004_001",8
"IMPC_ELZ_009_001",7
"IMPC_ELZ_030_001",4
"IMPC_ELZ_031_001",4
"IMPC_ELZ_032_001",4
"IMPC_ELZ_035_001",4
"IMPC_ELZ_035_001",9
"IMPC_ELZ_036_001",4
"IMPC_ELZ_036_001",8
"IMPC_ELZ_040_001",3
"IMPC_ELZ_040_001",4
"IMPC_ELZ_040_001",8
"IMPC_ELZ_041_001",4
"IMPC_ELZ_041_001",9
"IMPC_ELZ_042_001",3
"IMPC_ELZ_043_001",3
"IMPC_ELZ_044_001",3
"IMPC_ELZ_044_001",11
"IMPC_ELZ_045_001",3
"IMPC_ELZ_046_001",3
"IMPC_ELZ_047_001",3
"IMPC_ELZ_048_001",8
"IMPC_ELZ_049_001",8
"IMPC_ELZ_050_001",8
"IMPC_ELZ_051_001",5
"IMPC_ELZ_063_001",2
"IMPC_ELZ_064_001",2
"IMPC_ELZ_068_001",2
"IMPC_ELZ_068_001",11
"IMPC_ELZ_069_001",2
"IMPC_ELZ_069_001",11
"IMPC_ELZ_070_001",2
"IMPC_ELZ_070_001",11
"IMPC_ELZ_071_001",2
"IMPC_ELZ_071_001",4
"IMPC_ELZ_072_001",11
"IMPC_ELZ_073_001",11
"IMPC_ELZ_075_001",11
"IMPC_ELZ_077_001",11
"IMPC_ELZ_079_001",11
"IMPC_ELZ_080_001",11
"IMPC_ELZ_081_001",2
"IMPC_ELZ_082_001",5
"IMPC_ELZ_085_001",2
"IMPC_ELZ_086_001",2
"IMPC_ELZ_087_001",2
"IMPC_ELZ_091_001",2
"IMPC_ELZ_092_001",3
"IMPC_PAT_001_001",3
"IMPC_PAT_002_001",3
"IMPC_PAT_002_001",5
"IMPC_PAT_003_001",3
"IMPC_PAT_005_001",11
"IMPC_PAT_006_001",4
"IMPC_PAT_006_001",8
"IMPC_PAT_008_001",11
"IMPC_PAT_017_001",11
"IMPC_PAT_022_001",1
"IMPC_PAT_025_001",11
"IMPC_PAT_028_001",9
"IMPC_PAT_049_001",1
"IMPC_PAT_052_001",11
"IMPC_PAT_054_001",11
"IMPC_PAT_055_001",4
"IMPC_PAT_055_001",11
"IMPC_PAT_056_001",11
"IMPC_PAT_057_001",2
"IMPC_PAT_059_001",4
"IMPC_PAT_060_001",11
"IMPC_PAT_061_001",11
"IMPC_PAT_031_001",11
"IMPC_HOU_001_001",1
"IMPC_HOU_001_001",11
"IMPC_HOU_003_001",11
"IMPC_HOU_008_001",11
"IMPC_HOU_013_001",11
"IMPC_HOU_014_001",11
"IMPC_HOU_029_001",11
"IMPC_HOU_031_001",1
"IMPC_HOU_031_001",7
"IMPC_HOU_032_001",11
"IMPC_HOU_039_001",8
"IMPC_HOU_040_001",6
"IMPC_HOU_040_001",11
"IMPC_HOU_042_001",1
"IMPC_HOU_042_001",6
"IMPC_HOU_043_001",1
"IMPC_HOU_043_001",4
"IMPC_HOU_043_001",6
"IMPC_HOU_044_001",1
"IMPC_HOU_045_001",1
"IMPC_HOU_046_001",6
"IMPC_HOU_047_001",6
"IMPC_HOU_048_001",1
"IMPC_HOU_049_001",1
"IMPC_HOU_051_001",1
"IMPC_HOU_051_001",6
"IMPC_HOU_051_001",11
"IMPC_HOU_057_001",11
"IMPC_HOU_059_001",11
"IMPC_HOU_066_001",1
"IMPC_HOU_066_001",6
"IMPC_HOU_066_001",11
"IMPC_HWT_003_001",11
"IMPC_HWT_005_001",11
"IMPC_HWT_006_001",11
"IMPC_HWT_007_001",1
"IMPC_HWT_008_001",1
"IMPC_HWT_008_001",4
"IMPC_HWT_008_001",8
"IMPC_HWT_009_001",4
"IMPC_HWT_010_001",11
"IMPC_HWT_011_001",11
"IMPC_HWT_002_001",1
"IMPC_HWT_002_001",7
"IMPC_HWT_012_001",1
"IMPC_HWT_012_001",4
"IMPC_HWT_012_001",8
"IMPC_HWT_013_001",1
"IMPC_HWT_013_001",4
"IMPC_HWT_013_001",7
"IMPC_HWT_013_001",8
"IMPC_IMM_001_001",1
"IMPC_IMM_078_001",11
"IMPC_IMM_079_001",11
"IMPC_IMM_080_001",11
"IMPC_IMM_083_001",10
"IMPC_IMM_084_001",10
"IMPC_IMM_084_001",11
"IMPC_IMM_085_001",10
"IMPC_IMM_087_001",11
"IMPC_IMM_088_001",11
"IMPC_IMM_090_001",11
"IMPC_IMM_093_001",11
"IMPC_IMM_094_001",11
"IMPC_IMM_095_001",11
"IMPC_IMM_097_001",11
"IMPC_IMM_099_001",11
"IMPC_IMM_101_001",11
"IMPC_IMM_104_001",11
"IMPC_IMM_110_001",11
"IMPC_IMM_112_001",11
"IMPC_IMM_114_001",11
"IMPC_GEL_003_001",4
"IMPC_GEL_004_001",4
"IMPC_GEL_004_001",7
"IMPC_GEL_005_001",4
"IMPC_GEL_005_001",7
"IMPC_GEL_006_001",7
"IMPC_GEL_007_001",4
"IMPC_GEL_007_001",8
"IMPC_GEL_008_001",4
"IMPC_GEL_008_001",8
"IMPC_GEL_009_001",9
"IMPC_GEL_011_001",9
"IMPC_GEL_012_001",9
"IMPC_GEL_013_001",7
"IMPC_GEL_013_001",9
"IMPC_GEL_014_001",7
"IMPC_GEL_015_001",7
"IMPC_GEL_016_001",4
"IMPC_GEL_016_001",7
"IMPC_GEL_018_001",7
"IMPC_GEL_020_001",7
"IMPC_GEL_021_001",7
"IMPC_GEL_022_001",4
"IMPC_GEL_022_001",8
"IMPC_GEL_023_001",7
"IMPC_GEL_024_001",7
"IMPC_GEL_025_001",3
"IMPC_GEL_026_001",3
"IMPC_GEL_026_001",7
"IMPC_GEL_027_001",3
"IMPC_GEL_028_001",3
"IMPC_GEL_029_001",3
"IMPC_GEL_029_001",11
"IMPC_GEL_030_001",3
"IMPC_GEL_031_001",3
"IMPC_GEL_032_001",1
"IMPC_GEL_032_001",7
"IMPC_GEL_032_001",9
"IMPC_GEL_033_001",7
"IMPC_GEL_035_001",8
"IMPC_GEL_037_001",7
"IMPC_GEL_038_001",7
"IMPC_GEL_039_001",5
"IMPC_GEL_040_001",5
"IMPC_GEL_040_001",7
"IMPC_GEL_041_001",8
"IMPC_GEL_042_001",7
"IMPC_GEL_043_001",2
"IMPC_GEL_044_001",2
"IMPC_GEL_045_001",11
"IMPC_GEL_046_001",11
"IMPC_GEL_047_001",11
"IMPC_GEL_048_001",11
"IMPC_GEL_054_001",4
"IMPC_BLK_003_001",11
"IMPC_BLK_007_001",11
"IMPC_BLK_010_001",3
"IMPC_BLK_011_001",3
"IMPC_BLK_011_001",5
"IMPC_BLK_012_001",3
"IMPC_BLK_012_001",5
"IMPC_BLK_013_001",3
"IMPC_BLK_015_001",11
"IMPC_BLK_016_001",4
"IMPC_BLK_016_001",8
"IMPC_BLK_018_001",11
"IMPC_BLK_027_001",11
"IMPC_BLK_028_001",11
"IMPC_BLK_034_001",1
"IMPC_BLK_037_001",11
"IMPC_BLK_040_001",9
"IMPC_BLK_046_001",1
"IMPC_BLK_047_001",1
"IMPC_BLK_050_001",3
"IMPC_BLK_052_001",8
"IMPC_BLK_055_001",3
"IMPC_BLK_056_001",1
"IMPC_GEL_007_002",4
"IMPC_GEL_007_002",8
"IMPC_GEL_008_002",4
"IMPC_GEL_008_002",8
"IMPC_GEL_012_002",9
"IMPC_GEL_037_002",7
"IMPC_GEL_055_001",7
"IMPC_ACS_040_001",3
"IMPC_ACS_040_001",8
"IMPC_GEL_056_001",7
"IMPC_GEL_057_001",4
"IMPC_GEL_057_001",8
"IMPC_GEL_058_001",4
"IMPC_GEL_058_001",7
"IMPC_GEL_058_001",8
"IMPC_GEL_060_001",3
"IMPC_GEL_060_001",7
"IMPC_GEL_061_001",5
"IMPC_GEL_061_001",7
"IMPC_GEL_062_001",7
"IMPC_GEL_062_001",9
"IMPC_GEL_063_001",7
"IMPC_GEL_063_001",9
"IMPC_GEL_064_001",7
"IMPC_GEL_065_001",7
"IMPC_GEL_066_001",4
"IMPC_GEL_066_001",7
"IMPC_HIS_179_001",3
"IMPC_HIS_180_001",3
"IMPC_HIS_180_001",5
"IMPC_HIS_181_001",3
"IMPC_HIS_183_001",11
"IMPC_HIS_184_001",4
"IMPC_HIS_184_001",8
"IMPC_HIS_186_001",11
"IMPC_HIS_195_001",11
"IMPC_HIS_200_001",1
"IMPC_HIS_203_001",11
"IMPC_HIS_206_001",9
"IMPC_GEM_003_001",4
"IMPC_GEM_004_001",4
"IMPC_GEM_004_001",7
"IMPC_GEM_005_001",4
"IMPC_GEM_005_001",7
"IMPC_GEM_006_001",7
"IMPC_GEM_008_001",4
"IMPC_GEM_008_001",8
"IMPC_GEM_009_001",7
"IMPC_GEM_010_001",7
"IMPC_GEM_011_001",9
"IMPC_GEM_012_001",7
"IMPC_GEM_012_001",9
"IMPC_GEM_013_001",7
"IMPC_GEM_014_001",7
"IMPC_GEM_015_001",4
"IMPC_GEM_015_001",7
"IMPC_GEM_020_001",8
"IMPC_GEM_022_001",7
"IMPC_GEM_022_001",8
"IMPC_GEM_026_001",7
"IMPC_GEM_031_001",7
"IMPC_GEM_037_001",3
"IMPC_GEM_037_001",7
"IMPC_GEM_038_001",3
"IMPC_GEM_038_001",7
"IMPC_GEM_038_001",11
"IMPC_GEM_039_001",3
"IMPC_GEM_039_001",7
"IMPC_GEM_040_001",5
"IMPC_GEM_042_001",1
"IMPC_GEM_042_001",5
"IMPC_GEM_042_001",7
"IMPC_GEM_045_001",4
"IMPC_GEM_045_001",8
"IMPC_EVL_002_001",9
"IMPC_EVL_003_001",9
"IMPC_EVL_007_001",9
"IMPC_EVL_008_001",9
"IMPC_EVL_009_001",9
"IMPC_EVL_010_001",9
"IMPC_EVL_014_001",9
"IMPC_EVL_019_001",9
"IMPC_EVL_020_001",9
"IMPC_EVL_021_001",1
"IMPC_EVL_021_001",7
"IMPC_EVL_023_001",9
"IMPC_EVL_024_001",9
"IMPC_EYE_092_002",5
"IMPC_BWT_001_001",1
"IMPC_BWT_003_001",11
"IMPC_BWT_004_001",11
"IMPC_BWT_005_001",11
"IMPC_BWT_006_001",4
"IMPC_BWT_007_001",11
"IMPC_BWT_008_001",1
"IMPC_OFD_006_001",8
"IMPC_OFD_021_001",8
"IMPC_OFD_023_001",11
"IMPC_OFD_024_001",11
"IMPC_OFD_025_001",11
"IMPC_OFD_026_001",1
"IMPC_OFD_029_001",5
"IMPC_OFD_034_001",1
"IMPC_OFD_034_001",7
"IMPC_OFD_035_001",11
"IMPC_OFD_038_001",11
"IMPC_OFD_041_001",4
"IMPC_OFD_051_001",4
"IMPC_OFD_051_001",8
"IMPC_OFD_052_001",4
"IMPC_OFD_052_001",8
"IMPC_GEO_007_001",4
"IMPC_GEO_007_001",8
"IMPC_GEO_017_001",7
"IMPC_GEO_018_001",7
"IMPC_GEO_041_001",3
"IMPC_GEO_042_001",3
"IMPC_GEO_043_001",11
"IMPC_EVM_004_001",9
"IMPC_EVM_005_001",9
"IMPC_EVM_006_001",9
"IMPC_EVM_007_001",9
"IMPC_EVM_011_001",9
"IMPC_EVM_016_001",9
"IMPC_EVM_017_001",9
"IMPC_EVM_018_001",9
"IMPC_EVM_019_001",1
"IMPC_EVM_019_001",7
"IMPC_EVM_022_001",9
"IMPC_EVM_023_001",9
"IMPC_EVM_024_001",9
"IMPC_GEP_005_001",3
"IMPC_GEP_018_001",7
"IMPC_GEP_019_001",7
"IMPC_GEP_030_001",7
"IMPC_GEP_047_001",3
"IMPC_GEP_048_001",3
"IMPC_GEP_049_001",11
"IMPC_GEP_061_001",5
"IMPC_GEP_061_001",11
"IMPC_CSD_040_001",1
"IMPC_CSD_040_001",7
"IMPC_CSD_041_001",1
"IMPC_CSD_041_001",7
"IMPC_CSD_042_001",7
"IMPC_CSD_043_001",7
"IMPC_CSD_044_001",7
"IMPC_CSD_045_001",7
"IMPC_CSD_048_001",7
"IMPC_CSD_049_001",7
"IMPC_CSD_050_001",7
"IMPC_CSD_051_001",7
"IMPC_CSD_052_001",1
"IMPC_CSD_052_001",7
"IMPC_CSD_053_001",1
"IMPC_CSD_053_001",7
"IMPC_CSD_054_001",7
"IMPC_CSD_055_001",7
"IMPC_FER_009_001",9
"IMPC_FER_013_001",9
"IMPC_FER_016_001",11
"IMPC_FER_017_001",11
"IMPC_EOL_013_001",3
"IMPC_EOL_014_001",3
"IMPC_EOL_015_001",3
"IMPC_EOL_016_001",3
"IMPC_EOL_017_001",3
"IMPC_EOL_020_001",3
"IMPC_EOL_022_001",5
"IMPC_EOL_025_001",4
"IMPC_EOL_027_001",4
"IMPC_EOL_030_001",4
"IMPC_EOL_031_001",4
"IMPC_EOL_034_001",3
"IMPC_EOL_034_001",4
"IMPC_EOL_034_001",8
"IMPC_EOL_035_001",4
"IMPC_EOL_035_001",8
"IMPC_EOL_036_001",4
"IMPC_EOL_039_001",7
"IMPC_EOL_040_001",3
"IMPC_EOL_044_001",7
"IMPC_EOL_044_001",9
"IMPC_EOL_045_001",4
"IMPC_EOL_046_001",4
"IMPC_EOL_048_001",11
"IMPC_EOL_050_001",8
"IMPC_EOL_052_001",11
"IMPC_EML_018_001",3
"IMPC_EML_019_001",3
"IMPC_EML_020_001",3
"IMPC_EML_021_001",3
"IMPC_EML_022_001",3
"IMPC_EML_025_001",3
"IMPC_EML_027_001",5
"IMPC_EML_030_001",4
"IMPC_EML_032_001",4
"IMPC_EML_035_001",4
"IMPC_EML_036_001",4
"IMPC_EML_039_001",3
"IMPC_EML_039_001",4
"IMPC_EML_039_001",8
"IMPC_EML_040_001",4
"IMPC_EML_040_001",8
"IMPC_EML_041_001",4
"IMPC_EML_044_001",7
"IMPC_EML_045_001",3
"IMPC_EML_049_001",7
"IMPC_EML_049_001",9
"IMPC_EML_050_001",4
"IMPC_EML_051_001",4
"IMPC_EML_053_001",11
"IMPC_EML_055_001",8
"IMPC_EML_057_001",11
"IMPC_EVO_004_001",9
"IMPC_EVO_005_001",9
"IMPC_EVO_006_001",9
"IMPC_EVO_007_001",9
"IMPC_EVO_008_001",9
"IMPC_EVO_012_001",9
"IMPC_EVO_017_001",1
"IMPC_EVO_017_001",7
"IMPC_EVO_018_001",9
"IMPC_EVO_019_001",9
"IMPC_EVO_020_001",9
"IMPC_EVO_023_001",9
"IMPC_EVO_024_001",9
"IMPC_GEM_008_002",4
"IMPC_GEM_008_002",8
